-- phpMyAdmin SQL Dump
-- version 5.0.3
-- https://www.phpmyadmin.net/
--
-- Servidor: localhost:3306
-- Tiempo de generación: 18-06-2021 a las 10:44:55
-- Versión del servidor: 5.7.33-0ubuntu0.16.04.1
-- Versión de PHP: 7.3.27

SET SQL_MODE = "NO_AUTO_VALUE_ON_ZERO";
START TRANSACTION;
SET time_zone = "+00:00";


/*!40101 SET @OLD_CHARACTER_SET_CLIENT=@@CHARACTER_SET_CLIENT */;
/*!40101 SET @OLD_CHARACTER_SET_RESULTS=@@CHARACTER_SET_RESULTS */;
/*!40101 SET @OLD_COLLATION_CONNECTION=@@COLLATION_CONNECTION */;
/*!40101 SET NAMES utf8mb4 */;

--
-- Base de datos: `kbaczek_web`
--

-- --------------------------------------------------------

--
-- Estructura de tabla para la tabla `field`
--

CREATE TABLE `field` (
  `id` int(11) NOT NULL,
  `owner` varchar(50) COLLATE latin1_general_ci NOT NULL,
  `location` text COLLATE latin1_general_ci NOT NULL,
  `m2` int(11) NOT NULL DEFAULT '0'
) ENGINE=InnoDB DEFAULT CHARSET=latin1 COLLATE=latin1_general_ci;

--
-- Volcado de datos para la tabla `field`
--

INSERT INTO `field` (`id`, `owner`, `location`, `m2`) VALUES
(1, 'user', '[{\"lat\":\"38.969692\",\"lng\":\"-0.165704\"},{\"lat\":\"38.970636\",\"lng\":\"-0.163448\"},{\"lat\":\"38.969723\",\"lng\":\"-0.162777\"},{\"lat\":\"38.968808\",\"lng\":\"-0.164984\"}]', 10400),
(2, 'AdriTur', '[{\"lat\":\"38.985719\",\"lng\":\"-0.190415\"},\r\n{\"lat\":\"38.986814\",\"lng\":\"-0.188155\"},\r\n{\"lat\":\"38.986344\",\"lng\":\"-0.187105\"},\r\n{\"lat\":\"38.985418\",\"lng\":\"-0.186767\"},\r\n{\"lat\":\"38.984776\",\"lng\":\"-0.188521\"},\r\n{\"lat\":\"38.984363\",\"lng\":\"-0.188333\"},\r\n{\"lat\":\"38.983972\",\"lng\":\"-0.189368\"}]', 9700);

-- --------------------------------------------------------

--
-- Estructura de tabla para la tabla `inquiries`
--

CREATE TABLE `inquiries` (
  `id` int(11) NOT NULL,
  `name` varchar(30) CHARACTER SET utf8 COLLATE utf8_spanish_ci NOT NULL,
  `surname` varchar(60) CHARACTER SET utf8 COLLATE utf8_spanish_ci NOT NULL,
  `email` varchar(50) CHARACTER SET utf8 COLLATE utf8_spanish_ci NOT NULL,
  `message` text CHARACTER SET utf8 COLLATE utf8_spanish_ci NOT NULL,
  `date` timestamp NULL DEFAULT CURRENT_TIMESTAMP
) ENGINE=InnoDB DEFAULT CHARSET=utf8;

--
-- Volcado de datos para la tabla `inquiries`
--

INSERT INTO `inquiries` (`id`, `name`, `surname`, `email`, `message`, `date`) VALUES
(1, 'Juan', 'Huerta', 'huertajuan@hotmail.es', 'Buenas tardes, me gustaría adquirir unas 100 sondas para mi campo.', '2021-05-14 08:41:30'),
(2, 'Julio', 'aa', 'julio@hotmail.com', 'Me gustaría consultar el precio de las sondas para mi campo de 10.000 m2.', '2021-05-14 08:43:51'),
(3, 'Alejandro', 'Noguera', 'alejandronogbel@gmail.com', 'Hola esto es un mensaje de prueba para la gestión de consultas', '2021-06-18 08:20:31'),
(4, 'Adrian', 'Tur', 'adria.tur.rubio@gmail.com', 'Esto es una consulta de prueba para comprobar que la tabla de gestionar consultas funciona', '2021-06-18 08:29:41');

-- --------------------------------------------------------

--
-- Estructura de tabla para la tabla `plot`
--

CREATE TABLE `plot` (
  `id` int(11) NOT NULL,
  `fieldID` int(11) NOT NULL,
  `location` text COLLATE latin1_general_ci NOT NULL,
  `qty_probes` int(11) NOT NULL DEFAULT '0',
  `m2` int(11) NOT NULL DEFAULT '0'
) ENGINE=InnoDB DEFAULT CHARSET=latin1 COLLATE=latin1_general_ci;

--
-- Volcado de datos para la tabla `plot`
--

INSERT INTO `plot` (`id`, `fieldID`, `location`, `qty_probes`, `m2`) VALUES
(1, 1, '[\r\n{\"lat\":\"38.970107\",\"lng\":\"-0.164718\"},\r\n{\"lat\":\"38.970013\",\"lng\":\"-0.164927\"},\r\n{\"lat\":\"38.969429\",\"lng\":\"-0.164479\"},\r\n{\"lat\":\"38.969546\",\"lng\":\"-0.164248\"}\r\n]\r\n\r\n', 0, 0),
(2, 1, '[\r\n{\"lat\":\"38.970113\",\"lng\":\"-0.164708\"},\r\n{\"lat\":\"38.970646\",\"lng\":\"-0.163450 \"},\r\n{\"lat\":\"38.970048\",\"lng\":\"-0.162997 \"},\r\n{\"lat\":\"38.969543\",\"lng\":\"-0.164233\"}\r\n]', 0, 0),
(3, 1, '[\r\n{\"lat\":\"38.969424\",\"lng\":\"-0.164493\"},\r\n{\"lat\":\"38.970048\",\"lng\":\"-0.162996\"},\r\n{\"lat\":\"38.969723\",\"lng\":\"-0.162781\"},\r\n{\"lat\":\"38.969087\",\"lng\":\"-0.164264\"}\r\n]', 0, 0),
(4, 1, '[\r\n{\"lat\":\"38.969704\",\"lng\":\"-0.165696\"},\r\n{\"lat\":\"38.969888\",\"lng\":\"-0.165267\"},\r\n{\"lat\":\"38.969617\",\"lng\":\"-0.165074\"},\r\n{\"lat\":\"38.969440\",\"lng\":\"-0.165484\"}\r\n]', 0, 0),
(5, 1, '[\r\n{\"lat\":\"38.969440\",\"lng\":\"-0.165484\"},\r\n{\"lat\":\"38.969617\",\"lng\":\"-0.165074\"},\r\n{\"lat\":\"38.969325\",\"lng\":\"-0.164864\"},\r\n{\"lat\":\"38.969162\",\"lng\":\"-0.165272\"}\r\n]', 0, 0),
(6, 1, '[\r\n{\"lat\":\"38.969888\",\"lng\":\"-0.165267\"},\r\n{\"lat\":\"38.970011\",\"lng\":\"-0.164923\"},\r\n{\"lat\":\"38.969081\",\"lng\":\"-0.164274\"},\r\n{\"lat\":\"38.968802\",\"lng\":\"-0.164996\"},\r\n{\"lat\":\"38.969117\",\"lng\":\"-0.165232\"},\r\n{\"lat\":\"38.969296\",\"lng\":\"-0.164832\"}\r\n]', 0, 0),
(7, 2, '[{\"lat\":\"38.985719\",\"lng\":\"-0.190415\"},\r\n{\"lat\":\"38.986256\",\"lng\":\"-0.189408\"},\r\n{\"lat\":\"38.984367\",\"lng\":\"-0.188339\"},\r\n{\"lat\":\"38.983987\",\"lng\":\"-0.189388\"}\r\n]', 0, 0),
(8, 2, '[{\"lat\":\"38.985444\",\"lng\":\"-0.188926\"},\r\n{\"lat\":\"38.98576\",\"lng\":\"-0.187955\"},\r\n{\"lat\":\"38.985113\",\"lng\":\"-0.187624\"},\r\n{\"lat\":\"38.984785\",\"lng\":\"-0.188545\"}\r\n]', 0, 0),
(9, 2, '[{\"lat\":\"38.985932\",\"lng\":\"-0.188014\"},\r\n{\"lat\":\"38.986157\",\"lng\":\"-0.187043\"},\r\n{\"lat\":\"38.985440\",\"lng\":\"-0.186775\"},\r\n{\"lat\":\"38.985111\",\"lng\":\"-0.187633\"}\r\n]', 0, 0),
(10, 2, '[{\"lat\":\"38.986547\",\"lng\":\"-0.188804\"},\r\n{\"lat\":\"38.986711\",\"lng\":\"-0.188109\"},\r\n{\"lat\":\"38.986315\",\"lng\":\"-0.187540\"},\r\n{\"lat\":\"38.986182\",\"lng\":\"-0.188001\"},\r\n{\"lat\":\"38.986474\",\"lng\":\"-0.188264\"},\r\n{\"lat\":\"38.986374\",\"lng\":\"-0.188725\"}\r\n]', 0, 0);

-- --------------------------------------------------------

--
-- Estructura de tabla para la tabla `probe`
--

CREATE TABLE `probe` (
  `id` int(11) NOT NULL,
  `plotID` int(11) NOT NULL,
  `location` text COLLATE latin1_general_ci NOT NULL,
  `humidity` int(11) NOT NULL DEFAULT '0',
  `temperature` float NOT NULL DEFAULT '0',
  `salinity` float NOT NULL DEFAULT '0',
  `luminity` float NOT NULL DEFAULT '0',
  `lastUpdate` timestamp NOT NULL DEFAULT '0000-00-00 00:00:00' ON UPDATE CURRENT_TIMESTAMP
) ENGINE=InnoDB DEFAULT CHARSET=latin1 COLLATE=latin1_general_ci;

--
-- Volcado de datos para la tabla `probe`
--

INSERT INTO `probe` (`id`, `plotID`, `location`, `humidity`, `temperature`, `salinity`, `luminity`, `lastUpdate`) VALUES
(1, 1, '[{\"lat\":\"38.969969\",\"lng\":\"-0.164740\"}]', 50, 29, 70, 0, '2021-05-14 04:46:20'),
(2, 1, '[{\"lat\":\"38.969793\",\"lng\":\"-0.164604\"}]', 57, 29, 71, 0, '2021-05-14 04:46:38'),
(3, 1, '[{\"lat\":\"38.969607\",\"lng\":\"-0.164462\"}]', 53, 28, 68, 0, '2021-05-14 04:46:57'),
(4, 2, '[{\"lat\":\"38.970107\",\"lng\":\"-0.164199\"}]', 55, 30, 72, 0, '2021-05-14 04:47:15'),
(5, 2, '[{\"lat\":\"38.970293\",\"lng\":\"-0.163754\"}]', 52, 29, 71, 0, '2021-05-14 04:47:29'),
(6, 2, '[{\"lat\":\"38.969815\",\"lng\":\"-0.164014\"}]', 70, 29, 72, 0, '2021-05-14 04:47:50'),
(7, 2, '[{\"lat\":\"38.970032\",\"lng\":\"-0.163443\"}]', 53, 26, 76, 0, '2021-05-14 04:48:07'),
(8, 3, '[{\"lat\":\"38.969413\",\"lng\":\"-0.164012\"}]', 49, 31, 74, 0, '2021-05-14 04:48:27'),
(9, 3, '[{\"lat\":\"38.969576\",\"lng\":\"-0.163645\"}]', 48, 27, 71, 0, '2021-05-14 04:48:42'),
(11, 3, '[{\"lat\":\"38.969709\",\"lng\":\"-0.163296\"}]', 53, 29, 70, 0, '2021-05-14 04:48:59'),
(12, 4, '[{\"lat\":\"38.969668\",\"lng\":\"-0.165376\"}]', 47, 34, 79, 0, '2021-05-14 04:50:15'),
(13, 5, '[{\"lat\":\"38.969376\",\"lng\":\"-0.165175\"}]', 56, 29, 74, 0, '2021-05-14 04:50:39'),
(14, 6, '[{\"lat\":\"38.969762\",\"lng\":\"-0.164950\"}]', 42, 34, 78, 0, '2021-05-14 04:50:57'),
(16, 6, '[{\"lat\":\"38.969428\",\"lng\":\"-0.164684\"}]', 34, 29, 70, 0, '2021-05-14 04:51:11'),
(17, 6, '[{\"lat\":\"38.969094\",\"lng\":\"-0.164711\"}]', 51, 32, 75, 0, '2021-05-14 04:51:32'),
(18, 7, '[{\"lat\":\"38.985650\",\"lng\":\"-0.189713\"}]', 49, 29, 69, 0, '2021-05-14 04:52:01'),
(19, 7, '[{\"lat\":\"38.985066\",\"lng\":\"-0.189354\"}]', 81, 34, 74, 0, '2021-05-14 04:52:31'),
(20, 7, '[{\"lat\":\"38.984649\",\"lng\":\"-0.189079\"}]', 55, 28, 67, 0, '2021-05-14 04:52:51'),
(21, 8, '[{\"lat\":\"38.985341\",\"lng\":\"-0.188575\"}]', 48, 29, 67, 0, '2021-05-14 04:53:06'),
(22, 8, '[{\"lat\":\"38.985486\",\"lng\":\"-0.188111\"}]', 54, 29, 72, 0, '2021-05-14 04:53:19'),
(23, 8, '[{\"lat\":\"38.985137\",\"lng\":\"-0.188436\"}]', 51, 26, 65, 0, '2021-05-14 04:53:37'),
(24, 8, '[{\"lat\":\"38.985208\",\"lng\":\"-0.187964\"}]', 45, 28, 72, 0, '2021-05-14 04:53:51'),
(25, 9, '[{\"lat\":\"38.985858\",\"lng\":\"-0.187411\"}]', 56, 32, 69, 0, '2021-05-14 04:54:06'),
(26, 9, '[{\"lat\":\"38.985483\",\"lng\":\"-0.187288\"}]', 54, 31, 70, 0, '2021-05-14 04:54:16'),
(27, 10, '[{\"lat\":\"38.986571\",\"lng\":\"-0.188441\"}]', 53, 29, 70, 0, '2021-05-14 04:54:27'),
(28, 10, '[{\"lat\":\"38.986413\",\"lng\":\"-0.187910\"}]', 51, 29, 70, 0, '2021-05-14 04:55:00');

-- --------------------------------------------------------

--
-- Estructura de tabla para la tabla `probe_history`
--

CREATE TABLE `probe_history` (
  `probeID` int(11) NOT NULL,
  `humidity` text NOT NULL,
  `temperature` text NOT NULL,
  `salinity` text NOT NULL,
  `date` date NOT NULL
) ENGINE=InnoDB DEFAULT CHARSET=utf8mb4;

--
-- Volcado de datos para la tabla `probe_history`
--

INSERT INTO `probe_history` (`probeID`, `humidity`, `temperature`, `salinity`, `date`) VALUES
(1, '[27, 79, 32, 97, 90, 33, 95, 62, 58, 42, 56, 67, 10, 39, 11, 34, 86, 62, 26, 78, 89, 13, 9, 87, 64, 64, 81, 65, 97, 36, 18, 1, 59, 55, 79, 68, 89, 42, 94, 46, 1, 5, 84, 15, 66, 68, 70, 93, 99, 28, 30, 61, 38, 40, 61, 51, 44, 28, 77, 59, 36, 36, 89, 7, 4, 95, 51, 40, 74, 43, 52, 6, 96, 13, 33, 60, 77, 25, 60, 49, 83, 2, 6, 92, 96, 78, 62, 71, 82, 30, 65, 40, 44, 65, 20, 12]', '[5, 16, 25, -4, 5, 1, 13, 32, 46, 28, -1, -3, 25, 14, 23, 12, 45, 33, 11, 3, 37, 9, 12, 20, 41, 34, 22, 18, 38, 39, 11, -2, -4, 31, 31, -4, 34, 44, 29, 34, 46, 8, 39, 46, 50, 16, 17, 23, 38, -2, 29, 16, 6, 21, 4, 21, 20, 45, -2, 4, 26, 12, 4, 48, 1, 35, 3, 31, 47, 22, 35, 32, 47, 28, 20, 10, 9, 42, -4, 45, 46, 39, 43, 18, 14, 12, 14, 27, 46, 11, 32, 33, 13, 35, 34, 24]', '[65, 37, 29, 41, 64, 63, 34, 64, 30, 32, 68, 54, 12, 72, 91, 63, 14, 95, 46, 30, 20, 43, 89, 94, 65, 27, 19, 65, 79, 74, 38, 49, 54, 79, 80, 76, 34, 30, 66, 75, 38, 88, 61, 26, 25, 47, 35, 23, 78, 55, 87, 11, 44, 39, 94, 31, 21, 60, 82, 34, 96, 31, 80, 35, 79, 2, 16, 74, 11, 64, 28, 67, 14, 62, 74, 69, 27, 85, 78, 51, 98, 77, 42, 6, 86, 75, 67, 45, 38, 82, 68, 93, 66, 4, 60, 45]', '2021-05-03'),
(1, '[27, 38, 82, 35, 71, 7, 39, 11, 52, 3, 75, 85, 57, 55, 21, 38, 18, 32, 93, 31, 48, 70, 34, 72, 10, 4, 38, 23, 71, 79, 37, 27, 20, 34, 32, 57, 72, 42, 98, 72, 67, 1, 53, 100, 88, 44, 63, 23, 24, 21, 32, 61, 24, 99, 15, 24, 38, 59, 90, 49, 26, 13, 36, 78, 44, 44, 9, 61, 90, 44, 77, 65, 25, 3, 85, 73, 9, 29, 86, 39, 70, 90, 49, 5, 79, 45, 51, 63, 76, 45, 55, 11, 100, 33, 58, 48]', '[31, 5, 40, 12, 31, 14, 43, -4, 34, 22, 11, 18, 27, 20, 31, -2, 43, -3, 22, 3, 20, 18, 29, 14, 32, 22, 38, 46, 6, 9, 29, 22, 40, -3, 50, -3, 27, 29, 22, 19, 14, 48, 50, 21, -4, -2, 39, 46, 37, 43, 49, 45, 39, -3, -4, 8, 21, -4, 11, 8, 13, 47, 48, 38, 33, 41, 15, 43, 22, 3, 0, -1, 24, 6, 33, 0, 24, 47, 47, -3, 38, 31, 0, 50, -3, 37, 1, 2, 36, 50, 37, 34, 30, 38, 9, 31]', '[100, 13, 86, 25, 61, 39, 18, 56, 71, 24, 87, 79, 67, 41, 56, 35, 99, 77, 95, 93, 64, 39, 63, 99, 39, 16, 67, 83, 33, 91, 27, 13, 37, 37, 8, 15, 88, 91, 46, 65, 42, 10, 8, 30, 54, 15, 6, 93, 53, 56, 99, 68, 19, 49, 78, 88, 46, 29, 85, 45, 64, 62, 33, 86, 99, 66, 2, 2, 82, 74, 87, 100, 30, 64, 42, 90, 49, 94, 92, 76, 63, 2, 7, 29, 17, 14, 88, 88, 40, 92, 37, 18, 54, 48, 83, 76]', '2021-05-04'),
(1, '[89, 83, 71, 91, 95, 60, 33, 52, 38, 35, 34, 30, 22, 99, 26, 37, 8, 2, 8, 58, 1, 23, 65, 41, 99, 60, 100, 7, 64, 52, 93, 33, 27, 6, 96, 97, 89, 99, 8, 60, 11, 27, 96, 81, 37, 76, 25, 98, 80, 88, 81, 41, 10, 85, 72, 27, 35, 97, 24, 41, 96, 33, 68, 26, 22, 82, 34, 91, 95, 9, 92, 34, 98, 43, 97, 73, 47, 79, 23, 23, 79, 88, 74, 74, 2, 5, 12, 84, 78, 28, 97, 50, 91, 34, 25, 28]', '[40, 45, 19, 32, 34, 1, 1, -2, 18, -1, 14, 1, 34, 47, 19, 1, -2, 28, 36, 22, 39, 46, 9, 9, 23, 49, 9, 47, 2, 18, 25, 19, -2, 28, 45, 11, 13, 34, 36, 9, 17, 19, -1, 50, 6, 7, 7, 50, 7, 28, 15, -3, 38, 4, 27, 22, 10, 26, 38, 23, 38, 24, 25, 0, 26, 3, 34, 38, 10, 32, 26, 2, 9, 4, 36, 27, 26, 23, -2, -3, 33, 18, 21, 6, 21, 28, 40, 18, 48, 1, 18, 46, 25, 31, 7, 2]', '[7, 25, 40, 79, 75, 3, 70, 89, 78, 59, 84, 100, 59, 25, 8, 17, 70, 79, 73, 77, 100, 72, 89, 79, 44, 1, 96, 9, 97, 34, 58, 49, 31, 43, 61, 42, 83, 76, 100, 48, 57, 12, 80, 27, 51, 98, 86, 34, 66, 46, 45, 23, 88, 23, 2, 39, 26, 22, 68, 13, 69, 100, 70, 92, 17, 79, 43, 12, 91, 35, 17, 95, 49, 4, 10, 79, 32, 59, 69, 43, 56, 46, 38, 95, 81, 8, 13, 67, 75, 49, 36, 24, 47, 9, 88, 65]', '2021-05-05'),
(1, '[18, 37, 61, 12, 14, 5, 23, 27, 39, 62, 18, 56, 2, 59, 40, 8, 2, 40, 86, 37, 21, 31, 27, 94, 52, 54, 18, 77, 12, 32, 73, 84, 96, 72, 38, 63, 33, 66, 75, 95, 70, 72, 3, 21, 58, 49, 9, 100, 53, 38, 36, 90, 30, 58, 71, 89, 96, 21, 81, 12, 13, 34, 8, 84, 26, 38, 49, 67, 75, 57, 70, 49, 42, 62, 99, 60, 63, 9, 3, 42, 55, 70, 26, 90, 58, 37, 72, 54, 82, 68, 81, 40, 75, 27, 34, 68]', '[32, 17, 31, 32, 40, 43, 44, 1, 23, 40, 31, 49, 0, 25, 9, 49, 29, 8, 22, 10, 18, 14, 32, 19, 30, 44, 16, 23, 22, 18, 8, 17, 31, 12, 9, -3, 39, 18, 39, 29, 25, 24, 37, 22, 36, 18, 21, 23, 36, 15, 48, 9, 3, 24, 7, 8, 45, 50, -2, 8, 47, 17, 25, 23, 13, -2, 30, 21, 15, 33, -4, 6, 0, 48, 27, 47, 42, 34, 48, 21, 4, 43, 20, 5, 19, 29, 26, 30, 29, 23, 20, 20, 25, 39, 5, 25]', '[65, 16, 79, 32, 69, 76, 44, 57, 59, 23, 45, 70, 30, 69, 24, 9, 34, 13, 88, 36, 23, 75, 85, 40, 86, 43, 89, 76, 84, 81, 52, 5, 16, 65, 46, 12, 53, 26, 57, 85, 25, 89, 49, 37, 4, 45, 39, 12, 3, 4, 22, 73, 16, 92, 7, 93, 66, 88, 42, 9, 62, 97, 48, 23, 50, 12, 57, 53, 15, 93, 48, 25, 75, 85, 26, 63, 55, 82, 73, 27, 2, 66, 45, 75, 10, 88, 9, 61, 100, 50, 49, 85, 33, 12, 80, 66]', '2021-05-06'),
(1, '[37, 15, 56, 21, 21, 45, 47, 64, 78, 24, 26, 75, 55, 28, 55, 96, 17, 85, 30, 52, 86, 15, 56, 3, 61, 17, 91, 11, 25, 90, 70, 29, 10, 60, 52, 96, 68, 61, 44, 99, 4, 54, 89, 91, 23, 3, 27, 84, 7, 85, 19, 100, 70, 45, 63, 7, 16, 88, 1, 7, 66, 72, 15, 15, 89, 89, 57, 80, 14, 89, 57, 26, 59, 23, 89, 86, 65, 25, 57, 8, 71, 75, 74, 100, 72, 94, 30, 83, 5, 100, 35, 48, 6, 28, 80, 98]', '[13, 26, 31, 7, 24, 17, 30, 19, 14, 36, 10, -4, 2, 29, 47, -2, 29, 4, 22, 21, 18, 27, 9, 36, 35, 5, -4, 46, 44, 30, 29, 50, -4, 22, 34, 20, 23, 11, 46, 22, 40, 23, 48, 3, 4, 27, 23, 0, 50, 39, 40, 17, 28, 10, 3, 49, 18, -3, 21, 46, 34, 4, 28, 32, 5, 14, 20, -2, 36, 23, 31, -2, 41, 44, 24, 40, 27, 35, 4, 1, 33, 9, 5, 45, 50, 8, 13, 47, 12, 1, 26, -1, 38, 28, 45, -3]', '[85, 28, 20, 13, 96, 94, 76, 2, 22, 16, 14, 43, 91, 59, 18, 9, 95, 24, 67, 93, 64, 19, 15, 3, 19, 68, 2, 89, 40, 38, 98, 83, 59, 43, 73, 22, 12, 19, 40, 90, 44, 34, 78, 82, 99, 37, 91, 25, 91, 25, 100, 67, 87, 1, 64, 59, 92, 15, 16, 35, 96, 79, 56, 5, 52, 47, 27, 65, 21, 37, 21, 10, 95, 33, 11, 92, 65, 94, 40, 13, 76, 8, 38, 33, 41, 54, 20, 23, 57, 96, 45, 67, 67, 25, 96, 78]', '2021-05-07'),
(1, '[57, 16, 32, 97, 4, 48, 70, 77, 10, 27, 92, 20, 65, 80, 70, 7, 58, 79, 21, 1, 44, 94, 32, 42, 67, 51, 34, 50, 37, 8, 26, 77, 2, 30, 95, 80, 71, 81, 87, 70, 21, 7, 85, 39, 20, 62, 87, 53, 50, 28, 28, 100, 80, 74, 62, 48, 26, 16, 15, 24, 6, 85, 64, 44, 96, 66, 27, 12, 56, 44, 62, 38, 7, 66, 39, 71, 19, 47, 43, 73, 86, 45, 77, 37, 81, 36, 86, 48, 25, 84, 20, 49, 98, 63, 75, 16]', '[34, 40, 5, 46, 41, 28, 44, 13, -1, 32, -3, 45, 29, 0, 45, 30, 12, 39, 50, 9, 6, 12, 44, 38, 14, 48, 31, 32, -3, 27, 16, 11, 47, 26, 2, 43, 50, 30, 41, 24, 7, 40, 12, 23, 28, 10, -3, -3, 4, 31, 4, -2, 14, 31, 3, 46, 26, 38, 22, 42, 12, 25, 3, 1, 50, 3, 25, 6, 31, 32, 16, -1, -4, 15, -2, 9, -4, 47, 24, 5, 16, 9, 42, 20, 18, 41, 18, -2, 47, 3, 34, 37, 15, 39, 15, 31]', '[97, 34, 14, 89, 82, 84, 100, 7, 37, 66, 41, 1, 93, 94, 98, 71, 19, 58, 95, 27, 15, 77, 36, 28, 81, 95, 27, 56, 38, 45, 64, 74, 80, 58, 27, 77, 7, 100, 89, 28, 95, 87, 15, 74, 94, 29, 61, 50, 69, 63, 48, 41, 75, 58, 57, 70, 9, 9, 45, 75, 7, 86, 84, 16, 36, 38, 76, 82, 5, 24, 52, 75, 29, 82, 94, 58, 78, 65, 59, 61, 48, 1, 87, 88, 30, 78, 84, 58, 100, 97, 39, 18, 93, 5, 69, 78]', '2021-05-08'),
(1, '[84, 10, 91, 99, 17, 20, 14, 73, 3, 86, 38, 13, 86, 39, 94, 23, 23, 45, 44, 35, 73, 59, 96, 84, 41, 8, 55, 37, 43, 42, 46, 81, 54, 63, 30, 93, 29, 44, 26, 13, 3, 56, 77, 61, 10, 98, 47, 19, 15, 99, 91, 25, 96, 21, 69, 21, 80, 57, 61, 32, 23, 78, 25, 34, 36, 72, 37, 16, 24, 11, 82, 31, 34, 99, 65, 20, 1, 39, 86, 19, 62, 27, 29, 90, 83, 78, 78, 100, 76, 44, 56, 76, 40, 50, 12, 97]', '[-2, 19, 44, 43, 7, 0, 2, 23, 9, -3, 49, 45, 45, 50, 18, 47, 37, 31, 42, -2, 20, -1, 49, 22, 44, 33, 46, 50, 16, 1, 44, 16, 29, 3, 18, 10, 48, -3, 23, 26, -2, 33, 10, 25, 8, 46, 15, 43, 0, 29, 27, 2, 25, 44, 35, 0, 35, 42, 49, 19, 24, -2, 32, 6, 48, 35, 42, 24, 34, 33, 23, 8, 10, -3, 2, 42, 23, 14, 34, 45, 16, 10, 41, 25, -3, 8, 19, 20, 21, -1, 48, 20, 16, -2, -2, 33]', '[36, 54, 38, 38, 41, 80, 37, 52, 81, 23, 79, 35, 11, 99, 68, 68, 57, 47, 17, 46, 35, 6, 5, 71, 84, 81, 31, 77, 56, 82, 83, 91, 14, 79, 6, 90, 13, 66, 63, 45, 66, 56, 24, 42, 70, 86, 65, 49, 40, 56, 94, 14, 66, 8, 79, 72, 36, 50, 42, 59, 69, 22, 91, 13, 59, 17, 83, 5, 84, 94, 72, 56, 96, 10, 42, 29, 54, 85, 59, 48, 69, 69, 16, 97, 70, 85, 81, 3, 6, 6, 93, 33, 91, 17, 33, 27]', '2021-05-09'),
(1, '[88, 64, 84, 54, 99, 98, 99, 14, 38, 79, 96, 56, 25, 90, 95, 16, 62, 58, 60, 24, 42, 1, 82, 52, 81, 59, 91, 73, 83, 48, 55, 81, 96, 31, 41, 27, 51, 35, 22, 63, 6, 56, 32, 33, 76, 62, 81, 90, 73, 58, 1, 51, 25, 1, 57, 40, 38, 1, 39, 42, 50, 71, 28, 53, 60, 30, 36, 55, 3, 84, 72, 99, 90, 71, 55, 26, 49, 43, 66, 70, 98, 53, 12, 68, 4, 12, 30, 59, 42, 25, 85, 55, 22, 40, 27, 27]', '[6, 4, 22, 5, 38, 2, 4, -3, 41, 3, -2, 29, 22, 14, 19, 16, -2, 19, 18, 6, 49, 17, 30, 42, 37, 18, 47, 29, -4, 3, 5, 45, 27, -1, 23, 11, 9, 29, 13, 25, 29, -2, -3, 36, 16, 33, 2, 9, 10, 0, 17, 45, 27, 45, 10, 32, 18, 10, 39, 25, 49, 36, 40, 11, 2, 26, 47, 11, 18, 16, 9, 6, 42, 30, 46, 11, 29, 5, 0, 12, 27, 36, 0, 27, 4, 38, 40, 2, 49, -3, 39, 10, 12, 23, 3, 40]', '[41, 75, 31, 39, 63, 84, 62, 40, 72, 97, 86, 2, 24, 91, 48, 51, 92, 60, 99, 97, 4, 2, 75, 25, 28, 38, 9, 92, 8, 95, 54, 61, 4, 64, 55, 31, 24, 23, 96, 9, 100, 9, 53, 80, 28, 28, 73, 43, 71, 37, 100, 86, 10, 68, 77, 84, 22, 97, 6, 90, 18, 53, 4, 82, 73, 57, 86, 10, 41, 69, 5, 33, 54, 96, 57, 90, 84, 6, 54, 57, 29, 16, 55, 15, 24, 24, 89, 57, 60, 81, 96, 4, 13, 46, 55, 90]', '2021-05-10'),
(1, '[6, 48, 48, 65, 6, 45, 34, 43, 87, 60, 53, 59, 87, 32, 22, 82, 26, 8, 45, 97, 75, 71, 22, 14, 77, 90, 67, 83, 65, 89, 11, 64, 28, 28, 94, 78, 33, 37, 37, 46, 44, 19, 91, 47, 8, 93, 35, 58, 34, 10, 20, 12, 27, 44, 39, 94, 27, 75, 9, 4, 16, 50, 82, 24, 7, 77, 97, 78, 23, 85, 61, 28, 38, 69, 57, 66, 60, 66, 66, 49, 84, 25, 38, 45, 100, 25, 89, 94, 81, 27, 89, 18, 2, 85, 36, 55]', '[29, 21, 2, 12, 49, 10, 5, 43, 5, 14, -4, 25, 6, 48, 30, 19, 30, 50, 1, 2, 45, 8, 27, -2, 24, 11, 43, 36, 40, 36, 27, 8, 18, 9, 47, 35, 37, 44, 7, 48, 31, -4, 32, 12, 5, 22, 10, 24, 39, 42, 46, 11, 4, 6, 43, 32, 27, 6, 44, 2, 4, 46, 38, 25, 22, 8, 26, -4, 46, 19, 25, 50, 33, -1, 22, 8, 26, 12, 44, 33, 11, 27, 22, 5, 0, 37, 32, 7, 17, 47, 3, 11, 5, 16, 48, 40]', '[79, 20, 81, 74, 6, 49, 68, 98, 74, 90, 26, 95, 41, 99, 43, 8, 57, 48, 84, 48, 88, 92, 22, 22, 28, 26, 96, 74, 17, 27, 38, 68, 37, 13, 5, 47, 43, 20, 98, 65, 16, 51, 7, 48, 76, 28, 95, 32, 15, 49, 45, 55, 25, 64, 82, 11, 81, 26, 16, 14, 40, 95, 6, 42, 24, 72, 13, 53, 20, 51, 84, 81, 50, 58, 99, 84, 39, 62, 43, 76, 86, 60, 11, 15, 39, 64, 54, 7, 51, 34, 95, 69, 88, 54, 54, 5]', '2021-05-11'),
(1, '[16, 45, 8, 27, 92, 14, 93, 74, 83, 73, 80, 58, 78, 79, 36, 10, 29, 95, 2, 85, 4, 2, 38, 35, 49, 32, 53, 72, 63, 52, 40, 65, 8, 27, 28, 71, 11, 54, 64, 27, 15, 58, 37, 8, 75, 36, 6, 29, 37, 98, 35, 61, 84, 58, 95, 95, 15, 18, 78, 81, 75, 88, 79, 92, 88, 94, 50, 47, 3, 41, 97, 46, 37, 42, 16, 20, 74, 18, 15, 83, 33, 85, 26, 8, 73, 9, 82, 81, 42, 8, 86, 63, 96, 6, 93, 30]', '[42, 23, 20, 24, 7, 0, 49, 12, 48, 26, 40, 22, 30, 42, 41, 11, -1, 19, -3, 4, 10, -3, 10, 2, 20, -4, 9, 41, 27, 7, 1, 37, -4, 6, 37, 7, 27, 32, 23, 21, 16, 14, 50, 29, 34, 9, -2, -1, 28, 26, 14, 3, 9, 7, 2, 31, 22, 24, 20, 20, 1, 47, 26, 23, 46, 50, 12, 25, 30, 45, 10, 1, 39, 48, 41, 18, 30, 1, 18, 9, 43, 43, 13, 39, 3, 50, 11, 5, 2, 24, 45, 44, 25, 39, 47, -3]', '[92, 60, 98, 22, 89, 78, 66, 99, 51, 62, 4, 40, 77, 55, 23, 79, 43, 5, 39, 87, 99, 2, 39, 23, 12, 74, 58, 11, 65, 53, 92, 36, 83, 9, 32, 68, 67, 37, 65, 5, 48, 69, 15, 25, 61, 34, 85, 59, 42, 56, 81, 8, 61, 71, 16, 73, 61, 69, 49, 58, 30, 24, 62, 20, 82, 79, 5, 5, 26, 41, 28, 71, 35, 49, 4, 62, 94, 47, 85, 17, 63, 91, 73, 71, 92, 3, 4, 38, 14, 5, 36, 47, 3, 71, 29, 90]', '2021-05-12'),
(1, '[95, 23, 8, 56, 36, 60, 35, 80, 51, 4, 58, 16, 53, 14, 87, 82, 94, 86, 51, 64, 1, 2, 15, 100, 76, 25, 25, 81, 66, 24, 72, 38, 45, 12, 96, 78, 47, 87, 5, 46, 74, 50, 60, 63, 55, 74, 27, 64, 45, 42, 40, 87, 17, 94, 28, 19, 58, 61, 58, 3, 97, 90, 41, 86, 64, 89, 93, 7, 83, 78, 31, 22, 57, 8, 48, 81, 5, 23, 84, 87, 18, 6, 4, 77, 29, 84, 92, 58, 76, 97, 24, 97, 58, 64, 77, 1]', '[49, 30, 49, 35, 40, 9, 48, 1, 7, 24, 47, 43, 44, 12, 29, 17, 6, 8, 26, 17, 4, 0, 12, 31, 38, 49, 43, 45, 1, 21, 49, 28, 15, 35, 30, 34, 11, 40, 22, 18, 18, 42, 39, 45, 35, 4, 29, 14, 18, 1, 17, 33, 6, 11, 45, 49, 11, 42, 37, 44, 23, 26, 20, 1, 2, -2, 45, 13, 18, 43, 31, 18, 13, 49, 42, 29, 11, 25, 50, 8, 44, 38, 34, 49, 43, 23, 50, 34, 21, 3, 29, -1, 30, -1, 43, -2]', '[20, 21, 17, 75, 85, 17, 88, 60, 80, 29, 99, 97, 24, 98, 70, 66, 46, 74, 34, 66, 47, 43, 34, 14, 21, 9, 23, 72, 54, 64, 68, 95, 100, 26, 13, 30, 99, 18, 33, 95, 26, 52, 65, 3, 28, 99, 87, 61, 58, 29, 44, 78, 50, 71, 33, 78, 18, 96, 52, 69, 94, 53, 39, 12, 96, 30, 22, 30, 19, 25, 75, 26, 35, 97, 71, 56, 32, 99, 74, 26, 24, 7, 27, 2, 33, 57, 83, 76, 61, 18, 43, 55, 33, 3, 11, 51]', '2021-05-13'),
(1, '[45, 90, 14, 76, 85, 69, 19, 98, 66, 69, 91, 45, 67, 58, 74, 93, 25, 73, 23, 19, 87, 94, 76, 73, 84, 100, 89, 94, 28, 37, 74, 10, 56, 59, 8, 65, 61, 62, 87, 80, 2, 18, 97, 64, 60, 41, 12, 9, 39, 95, 87, 30, 67, 3, 76, 81, 59, 80, 12, 36, 33, 91, 92, 88, 81, 13, 16, 56, 78, 12, 18, 62, 100, 74, 27, 98, 37, 41, 83, 61, 45, 75, 51, 42, 61, 52, 19, 69, 58, 6, 7, 39, 25, 81, 8, 96]', '[10, 49, 23, 8, 24, 32, 4, 37, 37, 18, 45, 8, 8, 12, 39, 42, 18, 3, 7, 15, 47, 16, 30, 5, 18, -3, 2, 7, 11, 46, 35, 38, 8, 34, 22, 7, 13, 18, 9, 6, 25, 30, 20, 24, 32, -4, 40, 27, 27, 46, 28, 27, 32, 37, 38, 41, 42, 32, 21, 34, 12, 41, 28, 33, 16, -3, 7, 16, 4, 14, 5, 44, 20, 45, 21, 31, 8, 26, 19, 19, 17, 38, 17, 46, 45, 32, 9, 26, 40, 20, 22, 22, 33, 50, -2, 47]', '[19, 27, 98, 59, 86, 59, 100, 14, 1, 3, 100, 71, 57, 95, 71, 61, 22, 44, 95, 97, 69, 24, 56, 35, 54, 100, 23, 68, 66, 2, 37, 18, 7, 60, 40, 22, 49, 13, 89, 90, 41, 80, 52, 94, 9, 41, 47, 55, 75, 13, 56, 94, 100, 45, 6, 62, 62, 72, 18, 37, 35, 71, 69, 23, 52, 26, 19, 31, 5, 98, 51, 76, 46, 1, 62, 74, 85, 43, 93, 1, 44, 7, 37, 63, 3, 81, 79, 51, 87, 39, 85, 13, 54, 22, 22, 94]', '2021-05-14'),
(1, '[50, 9, 7, 42, 50, 38, 57, 55, 97, 83, 100, 24, 65, 97, 77, 81, 73, 50, 52, 9, 20, 65, 2, 20, 62, 66, 31, 52, 16, 76, 53, 59, 16, 90, 82, 96, 61, 80, 19, 78, 98, 2, 61, 71, 65, 6, 46, 89, 63, 49, 12, 36, 8, 3, 78, 40, 18, 70, 99, 23, 23, 24, 36, 46, 76, 12, 57, 11, 55, 17, 87, 18, 80, 72, 12, 3, 26, 89, 36, 50, 27, 58, 43, 92, 17, 9, 31, 25, 11, 92, 64, 15, 60, 46, 38, 18]', '[4, 26, 26, 36, 30, 29, 29, 31, 45, 36, 34, 19, 1, 15, 22, -2, 26, 22, 43, 16, 6, 41, 39, 24, 44, 24, 36, 50, 49, 48, 9, 1, 41, 17, 1, 8, 12, 6, 47, 49, 8, 4, 22, 15, 16, 40, 9, 38, 11, 32, 34, 15, 20, 22, 36, 13, 31, 1, 32, 40, 40, 14, 42, 38, 6, 16, 20, 3, 3, 48, 26, 2, 26, 38, 21, 1, 10, 2, 12, 33, 6, 33, 22, -1, 32, 30, -2, 18, -4, 14, 41, 23, 44, 37, 46, 6]', '[38, 4, 66, 84, 75, 78, 51, 25, 97, 12, 36, 26, 52, 30, 87, 47, 86, 17, 84, 85, 60, 8, 18, 55, 26, 52, 27, 74, 9, 41, 39, 93, 69, 99, 70, 8, 38, 49, 85, 49, 36, 59, 27, 99, 31, 86, 41, 6, 92, 69, 82, 77, 3, 95, 49, 85, 86, 59, 23, 52, 18, 41, 94, 9, 57, 58, 90, 3, 98, 60, 9, 61, 69, 57, 58, 53, 4, 59, 88, 55, 58, 9, 7, 57, 52, 3, 40, 76, 87, 26, 94, 41, 75, 69, 22, 80]', '2021-05-15'),
(1, '[89, 37, 82, 42, 50, 20, 80, 56, 61, 70, 49, 19, 62, 85, 46, 56, 32, 11, 40, 37, 86, 53, 92, 73, 72, 54, 82, 40, 17, 18, 50, 52, 85, 71, 31, 91, 16, 50, 87, 11, 44, 25, 66, 50, 68, 24, 92, 3, 47, 98, 13, 82, 2, 93, 18, 40, 55, 35, 96, 56, 84, 50, 40, 73, 7, 40, 7, 100, 100, 8, 97, 70, 64, 88, 69, 100, 17, 1, 53, 99, 98, 70, 87, 39, 59, 75, 10, 74, 77, 51, 13, 29, 94, 61, 49, 88]', '[4, 9, 16, 0, 40, 3, 11, 8, 4, 20, 29, 30, 31, 44, 22, 30, 43, 26, 16, 18, 41, 34, 48, 44, -4, 20, 32, 22, 8, 33, 4, 15, 23, 31, 13, 41, 26, 5, 50, 17, 36, 23, 45, 44, 40, 13, -3, 33, 19, 29, 29, 29, 35, 21, 34, 32, -3, 41, 42, 34, 10, 4, 11, 25, 19, 24, 31, 21, 25, 38, 31, 9, 7, 19, 48, 36, 38, 14, 14, 8, 21, -2, 45, 9, 39, 25, 48, 22, 13, 50, 18, 10, 17, 43, -3, 45]', '[47, 70, 56, 82, 32, 37, 93, 78, 73, 4, 59, 74, 90, 89, 48, 80, 12, 97, 27, 72, 63, 62, 81, 40, 85, 6, 100, 64, 21, 76, 90, 93, 52, 80, 100, 88, 74, 82, 91, 38, 54, 34, 33, 100, 50, 39, 82, 62, 50, 30, 37, 97, 32, 67, 39, 2, 94, 57, 6, 43, 65, 9, 100, 4, 79, 58, 69, 47, 77, 93, 45, 91, 67, 40, 97, 41, 83, 68, 35, 50, 43, 35, 76, 32, 74, 31, 17, 34, 58, 58, 69, 46, 87, 78, 24, 70]', '2021-05-17'),
(1, '[63, 51, 91, 31, 86, 7, 7, 10, 31, 59, 34, 18, 54, 44, 73, 20, 94, 88, 77, 57, 52, 37, 16, 67, 1, 20, 11, 65, 20, 8, 49, 98, 77, 51, 62, 70, 63, 46, 22, 25, 22, 45, 37, 4, 98, 7, 34, 75, 58, 6, 45, 66, 67, 93, 33, 51, 75, 2, 85, 46, 34, 98, 89, 85, 16, 97, 26, 84, 43, 73, 43, 98, 48, 17, 27, 11, 82, 28, 87, 30, 84, 1, 60, 28, 20, 67, 96, 67, 69, 29, 93, 49, 49, 70, 27, 42]', '[33, -1, 7, 47, 37, 30, 3, 28, 29, 0, 8, 25, 36, 25, 48, 10, 34, 0, 42, 23, 49, -1, 47, 15, 36, 34, 50, -3, 14, 5, 22, 18, 16, 48, -4, 8, 22, 21, 20, -4, 19, 1, 39, 1, 10, 10, 40, 14, 46, 5, 6, 4, 35, 18, 41, 16, 1, 35, 43, 30, 23, 41, 7, 48, 32, 15, 46, 14, 41, 18, 18, 38, 39, 25, 29, 47, 39, 18, 40, 16, 48, 47, 2, 7, 4, 23, 5, 30, 9, 8, 29, 50, 18, 8, 34, -4]', '[85, 1, 36, 76, 83, 32, 13, 72, 22, 95, 15, 99, 15, 63, 79, 80, 60, 48, 8, 53, 1, 4, 30, 32, 5, 80, 79, 67, 93, 50, 12, 16, 68, 84, 82, 7, 17, 6, 32, 37, 45, 33, 94, 10, 40, 54, 1, 83, 93, 82, 50, 73, 43, 5, 70, 85, 87, 5, 55, 63, 20, 6, 19, 67, 67, 46, 15, 20, 71, 31, 75, 11, 70, 42, 58, 23, 76, 16, 9, 58, 76, 82, 23, 16, 30, 80, 100, 71, 49, 59, 61, 38, 84, 80, 22, 68]', '2021-05-18'),
(1, '[3, 67, 55, 46, 68, 27, 81, 14, 13, 86, 57, 92, 16, 97, 68, 88, 87, 82, 49, 68, 66, 49, 64, 20, 90, 66, 50, 89, 100, 64, 62, 84, 95, 31, 37, 86, 91, 37, 50, 77, 64, 86, 12, 80, 63, 81, 37, 58, 78, 35, 97, 83, 30, 73, 79, 44, 42, 95, 56, 1, 24, 21, 46, 46, 63, 33, 20, 96, 89, 56, 74, 39, 29, 27, 24, 29, 31, 84, 95, 87, 26, 70, 10, 57, 42, 67, 39, 51, 13, 38, 60, 21, 37, 51, 10, 29]', '[46, 31, 41, 15, 36, 34, 44, 20, 27, 0, 31, 22, 50, 42, 33, 43, 11, 45, 22, 49, 22, 36, 50, -4, 25, 42, 22, 30, 11, 50, 3, 48, 14, 22, 11, 11, 2, 36, 34, 38, 36, 12, 1, 40, 50, 41, 16, 5, 43, 6, 29, 39, 36, 9, 50, 5, -4, 12, 5, 15, 24, 23, 24, 46, 14, 36, 13, 23, 4, 43, 50, 40, 18, 50, 17, 26, 10, 33, 6, 20, 31, 16, 47, 50, 20, 23, 21, 8, 12, -1, 27, 9, 4, 23, 36, 45]', '[21, 54, 9, 96, 93, 90, 78, 77, 77, 50, 59, 2, 40, 6, 67, 99, 47, 58, 82, 5, 48, 12, 13, 66, 15, 35, 89, 19, 94, 47, 80, 26, 91, 86, 38, 42, 52, 15, 96, 36, 96, 34, 3, 26, 64, 43, 97, 85, 84, 20, 22, 19, 75, 85, 60, 19, 61, 69, 67, 69, 84, 38, 87, 98, 41, 82, 47, 82, 85, 40, 90, 28, 83, 83, 38, 76, 90, 93, 25, 4, 19, 46, 61, 92, 44, 5, 61, 37, 81, 39, 7, 37, 72, 59, 41, 7]', '2021-05-19'),
(1, '[68, 39, 39, 7, 89, 11, 80, 71, 42, 70, 5, 86, 75, 75, 1, 76, 85, 24, 24, 23, 22, 10, 6, 39, 34, 6, 46, 39, 14, 27, 73, 60, 27, 2, 86, 16, 67, 95, 97, 61, 24, 2, 1, 27, 89, 4, 36, 65, 10, 2, 75, 17, 100, 6, 11, 20, 33, 13, 39, 100, 11, 70, 1, 56, 16, 61, 39, 44, 23, 77, 77, 42, 51, 23, 82, 78, 39, 44, 33, 51, 39, 93, 44, 38, 3, 90, 20, 61, 54, 86, 80, 94, 17, 11, 65, 83]', '[43, 5, 28, 28, 33, 37, 5, 1, 35, 48, 46, 28, 12, 7, 45, 12, 12, 40, 37, 38, 23, 7, 45, 35, 27, 28, -3, 36, 48, 34, 41, 28, 46, 25, 22, 26, 12, -2, 3, 27, 4, 10, -4, 38, 7, 18, 15, 19, 4, 30, 20, 6, 18, 4, 9, 22, 24, -1, 40, 6, -3, 46, 23, 41, 32, 18, -3, 21, 39, 47, 0, 3, 38, 15, 26, 42, 33, 40, 21, 9, 1, 5, 39, -1, 3, 49, 33, 42, 39, 18, 12, 21, 12, 33, 5, 10]', '[16, 36, 22, 76, 69, 53, 84, 20, 74, 69, 34, 17, 87, 21, 19, 1, 52, 76, 63, 2, 16, 31, 34, 90, 74, 80, 66, 18, 53, 23, 70, 7, 11, 28, 47, 27, 39, 32, 60, 90, 25, 49, 89, 67, 20, 24, 46, 92, 64, 40, 52, 91, 27, 2, 20, 54, 52, 4, 65, 97, 88, 81, 31, 63, 65, 66, 91, 27, 85, 52, 65, 51, 15, 45, 98, 21, 5, 58, 10, 37, 33, 17, 83, 79, 44, 15, 6, 15, 4, 88, 62, 67, 50, 61, 53, 40]', '2021-05-20'),
(1, '[71, 31, 85, 44, 74, 88, 28, 97, 94, 49, 38, 5, 57, 48, 61, 62, 52, 82, 51, 84, 84, 35, 17, 36, 79, 63, 8, 87, 95, 75, 29, 42, 94, 23, 89, 86, 60, 6, 20, 68, 3, 62, 43, 86, 67, 2, 91, 91, 19, 2, 9, 7, 11, 7, 52, 65, 27, 26, 16, 88, 30, 80, 8, 21, 18, 70, 87, 69, 81, 73, 74, 69, 9, 11, 55, 12, 71, 69, 86, 16, 98, 75, 74, 97, 23, 26, 70, 61, 71, 34, 42, 78, 73, 23, 61, 34]', '[9, 9, 3, 30, 27, 22, 20, 49, -2, -4, 3, 34, 30, 11, 13, 14, 9, 27, 22, 4, 32, 15, 42, 30, 32, -2, 22, 47, 29, 12, 7, 0, 28, -3, -1, 7, 34, 47, 21, 43, 31, 39, 34, 29, 3, 19, 42, 26, 25, 7, 20, 2, 26, 21, 3, -1, 41, 24, -3, 31, 42, 23, 9, 24, 21, 19, 24, 9, 44, 16, 12, 25, 16, 44, 8, 14, 39, 16, 20, 7, 31, 27, 49, 19, 15, 32, 10, 39, -1, 19, 22, 34, 50, 20, 14, 5]', '[15, 19, 95, 77, 38, 64, 87, 26, 58, 84, 76, 12, 83, 27, 82, 74, 29, 75, 39, 80, 70, 86, 51, 12, 49, 21, 68, 56, 53, 50, 58, 70, 23, 32, 40, 11, 1, 6, 28, 69, 76, 43, 68, 61, 29, 49, 53, 39, 94, 92, 93, 6, 31, 63, 80, 10, 41, 17, 15, 92, 74, 11, 18, 83, 35, 57, 41, 25, 9, 44, 16, 67, 60, 31, 29, 95, 36, 8, 13, 76, 84, 78, 40, 37, 29, 80, 5, 47, 15, 44, 31, 50, 56, 15, 39, 90]', '2021-05-21'),
(1, '[38, 76, 65, 77, 69, 56, 22, 92, 46, 9, 52, 51, 75, 18, 90, 61, 43, 70, 50, 52, 49, 2, 75, 65, 82, 43, 100, 98, 5, 24, 30, 21, 100, 41, 84, 86, 96, 18, 32, 17, 2, 26, 88, 69, 26, 5, 32, 50, 85, 29, 83, 27, 75, 23, 56, 71, 41, 55, 25, 72, 65, 33, 54, 12, 43, 18, 9, 77, 21, 83, 47, 92, 27, 57, 96, 66, 88, 36, 20, 87, 77, 21, 49, 44, 86, 1, 59, 77, 96, 30, 65, 46, 93, 91, 58, 19]', '[36, 6, 9, 7, 29, 28, -2, 35, 30, 39, 35, 45, -2, 38, 50, 28, 38, 23, 31, 42, 39, -1, 26, 37, 33, 40, 50, 36, 46, 41, 33, -4, 34, 7, 15, 39, 13, 33, 5, 42, -1, 3, 14, 4, 27, 35, 7, 36, 17, 34, 32, 34, 15, 4, 49, 36, 3, 7, 7, 3, 41, 3, 34, 14, 13, 37, 37, 8, 32, 43, 24, 41, 23, 17, -4, 13, -3, 32, 46, 43, 9, 0, 21, 8, 13, 23, 33, 21, 20, 46, 23, 12, 19, 10, 22, 37]', '[34, 34, 99, 19, 67, 9, 91, 51, 62, 3, 10, 56, 26, 78, 36, 66, 33, 45, 46, 100, 23, 93, 29, 69, 72, 52, 89, 11, 49, 58, 19, 61, 68, 14, 2, 13, 53, 17, 8, 4, 11, 82, 49, 50, 10, 31, 65, 14, 45, 92, 94, 1, 26, 80, 23, 68, 79, 24, 1, 11, 36, 71, 6, 12, 25, 87, 70, 3, 19, 25, 91, 99, 56, 17, 20, 47, 90, 13, 89, 34, 28, 18, 73, 88, 62, 79, 3, 23, 66, 49, 18, 77, 85, 32, 58, 34]', '2021-05-22'),
(1, '[5, 98, 29, 95, 97, 56, 81, 5, 85, 20, 4, 48, 82, 52, 61, 50, 27, 65, 30, 65, 84, 82, 54, 32, 77, 98, 92, 2, 40, 50, 8, 57, 99, 42, 100, 60, 43, 9, 64, 30, 48, 96, 30, 66, 92, 96, 15, 23, 15, 20, 19, 23, 40, 96, 41, 16, 42, 9, 55, 17, 97, 29, 12, 17, 18, 86, 97, 22, 28, 9, 28, 19, 53, 15, 44, 85, 56, 1, 89, 62, 53, 69, 18, 80, 35, 37, 79, 50, 41, 98, 15, 97, 46, 8, 45, 46]', '[38, 37, 2, 30, 16, 44, 10, 28, 16, 25, 24, 11, 34, 50, 36, 47, 23, -4, 35, 2, 46, -1, 25, 1, 50, 31, 8, 39, 43, 9, 21, 12, 4, 12, 21, 27, 12, 7, 49, 20, 0, 49, 48, 38, 31, -4, 30, 47, 7, 9, 35, 0, 13, 39, 4, 44, 15, 28, 15, 33, 23, 19, 20, 39, 0, -2, 17, 8, 1, 42, 30, 49, 17, 30, 37, 21, 1, 7, 18, 2, 4, 20, 35, 48, 5, 32, 49, 12, 7, 30, 11, 15, 6, 4, 49, 24]', '[90, 36, 55, 5, 60, 29, 90, 49, 81, 6, 30, 96, 2, 33, 59, 30, 93, 60, 40, 43, 94, 12, 49, 5, 22, 31, 52, 34, 25, 31, 14, 89, 78, 38, 62, 37, 70, 87, 21, 72, 61, 65, 12, 82, 66, 25, 89, 13, 48, 40, 63, 22, 5, 17, 58, 3, 21, 59, 35, 53, 10, 93, 31, 13, 24, 97, 22, 99, 4, 43, 29, 31, 35, 45, 18, 70, 6, 18, 26, 64, 22, 24, 92, 27, 12, 44, 15, 83, 40, 67, 51, 82, 10, 85, 36, 47]', '2021-05-23'),
(1, '[62, 79, 66, 1, 1, 63, 72, 38, 94, 71, 84, 89, 99, 82, 81, 70, 71, 75, 8, 52, 66, 5, 71, 59, 70, 21, 85, 6, 85, 34, 82, 95, 26, 84, 19, 87, 92, 74, 54, 11, 59, 11, 61, 44, 22, 8, 24, 28, 88, 66, 52, 62, 97, 19, 61, 3, 4, 47, 5, 3, 27, 39, 4, 33, 1, 47, 83, 71, 61, 22, 55, 52, 13, 68, 82, 91, 7, 14, 8, 42, 9, 10, 67, 46, 43, 50, 65, 45, 18, 77, 6, 57, 57, 16, 68, 92]', '[19, 7, 23, 21, -1, 31, 25, 20, 23, 7, 28, 19, 4, 30, -2, 16, 32, 49, 23, 46, 19, 49, 6, 28, 11, 28, 2, 36, 49, 1, 39, 26, 12, -4, 34, 24, 29, -2, 42, 41, 49, 10, 5, 29, 1, 40, 9, 35, 39, 26, 16, 3, 26, 0, 5, 0, 25, 15, 7, 13, 43, 25, 41, 14, 29, 10, 49, 48, 43, 12, -3, 20, 13, 0, 47, 2, 5, 50, 50, 37, 11, 26, 31, 23, 21, 34, 36, 43, 10, 28, 9, 7, 47, 5, 38, 29]', '[59, 89, 9, 27, 35, 76, 43, 86, 84, 74, 76, 76, 65, 28, 27, 63, 92, 40, 37, 18, 15, 98, 25, 17, 34, 25, 29, 5, 9, 77, 98, 17, 68, 61, 30, 52, 53, 37, 58, 39, 67, 5, 98, 21, 66, 77, 55, 49, 38, 25, 27, 70, 89, 78, 64, 11, 51, 82, 84, 90, 27, 11, 14, 92, 18, 56, 34, 23, 50, 39, 5, 12, 85, 55, 63, 65, 29, 98, 28, 1, 16, 67, 66, 63, 22, 2, 18, 13, 32, 23, 66, 89, 36, 87, 29, 78]', '2021-05-24'),
(1, '[33, 43, 48, 76, 86, 12, 1, 55, 34, 28, 41, 39, 52, 53, 99, 22, 43, 19, 58, 94, 37, 35, 63, 11, 45, 94, 49, 80, 37, 48, 3, 61, 78, 68, 47, 63, 34, 47, 51, 2, 37, 84, 88, 9, 60, 36, 83, 90, 74, 89, 83, 26, 20, 68, 28, 14, 97, 69, 98, 36, 61, 6, 86, 25, 32, 46, 35, 59, 67, 3, 67, 35, 80, 12, 51, 40, 74, 60, 86, 25, 56, 13, 100, 8, 87, 86, 10, 57, 90, 84, 31, 31, 69, 67, 12, 10]', '[30, 3, 0, 37, 50, 5, 24, 45, -3, 16, 45, 6, 26, 39, 20, 31, -1, 3, 36, 32, 2, 9, 50, 2, 2, 50, 30, 44, 33, 11, 35, 29, 49, 23, 25, 29, 1, 45, 9, 33, -1, -2, 48, 5, 5, 8, 50, 17, 1, 16, -2, 0, 12, 1, 48, 27, 30, 45, 34, 48, 10, 14, 47, 23, 29, 29, 46, 49, 24, 43, 27, 42, 9, 18, 35, 47, 34, 16, 4, 7, 46, 5, 5, 17, 50, 1, 41, 17, 35, 23, 3, -2, 47, 42, 47, 50]', '[47, 68, 60, 31, 93, 54, 57, 12, 93, 67, 83, 26, 40, 12, 21, 87, 77, 61, 74, 43, 4, 63, 45, 76, 63, 8, 89, 97, 71, 25, 78, 57, 36, 80, 25, 50, 60, 59, 50, 35, 4, 96, 74, 65, 81, 14, 54, 12, 100, 27, 2, 24, 56, 80, 65, 36, 41, 51, 6, 18, 44, 59, 1, 12, 68, 5, 32, 39, 93, 13, 21, 81, 20, 47, 85, 28, 51, 1, 30, 78, 66, 19, 88, 25, 81, 83, 24, 77, 81, 97, 92, 67, 59, 94, 71, 18]', '2021-05-25'),
(1, '[90, 66, 48, 35, 11, 15, 13, 81, 18, 59, 41, 59, 89, 92, 7, 56, 80, 81, 52, 14, 63, 99, 8, 58, 16, 28, 80, 79, 93, 33, 3, 38, 1, 60, 37, 95, 75, 97, 95, 15, 26, 39, 86, 46, 65, 24, 81, 91, 62, 10, 69, 2, 52, 61, 48, 18, 12, 68, 72, 71, 68, 69, 70, 96, 96, 38, 2, 50, 78, 32, 88, 28, 65, 37, 87, 50, 75, 27, 88, 35, 97, 23, 56, 76, 41, 83, 15, 78, 58, 7, 97, 88, 22, 37, 19, 89]', '[-4, -4, 9, 37, 26, 21, 37, 4, 14, 48, 2, 34, 32, 18, 36, 39, 14, 26, 42, 30, 50, 21, 15, 6, 6, 42, 50, 41, 1, 22, 27, 1, 17, -2, 10, 21, 14, 26, 2, 49, 34, 38, 27, 13, 37, 47, 26, 39, 23, 44, 5, 15, 11, 22, 10, 22, 4, -2, 42, 7, 20, 26, 1, 8, 1, 16, 30, 20, 10, 27, 44, 29, -2, 13, 6, 28, 48, 23, 21, 45, 27, 30, 28, 43, 27, 8, 21, 24, -3, 2, -1, 46, 8, 37, 6, 41]', '[88, 92, 15, 62, 28, 6, 77, 5, 33, 7, 82, 58, 38, 44, 94, 28, 8, 80, 26, 93, 81, 74, 51, 17, 52, 70, 62, 36, 29, 55, 51, 50, 41, 29, 28, 29, 87, 28, 31, 9, 49, 97, 10, 84, 37, 85, 9, 90, 42, 67, 96, 34, 93, 55, 68, 48, 46, 1, 92, 78, 5, 41, 76, 29, 84, 33, 46, 2, 14, 76, 33, 23, 99, 28, 97, 61, 55, 80, 21, 25, 29, 14, 78, 23, 47, 73, 79, 43, 57, 1, 10, 83, 31, 94, 10, 87]', '2021-05-26'),
(1, '[63, 99, 13, 48, 77, 42, 9, 98, 64, 90, 65, 19, 8, 2, 32, 36, 84, 80, 50, 24, 9, 81, 81, 23, 38, 73, 36, 68, 80, 82, 58, 8, 10, 15, 30, 6, 16, 11, 90, 85, 78, 96, 88, 35, 8, 86, 87, 76, 70, 75, 65, 93, 27, 16, 33, 36, 7, 98, 59, 39, 33, 80, 94, 36, 78, 7, 30, 87, 3, 10, 78, 4, 68, 32, 100, 56, 26, 55, 64, 95, 95, 92, 20, 25, 86, 45, 43, 35, 55, 52, 31, 83, 99, 83, 99, 13]', '[44, 36, 14, 17, 17, 8, 17, 38, 32, 40, 44, 39, 16, 14, 33, 44, 5, 50, 26, 41, 10, 15, 6, 45, 30, 11, 5, 24, 23, 3, 41, 13, 3, 6, 13, 39, 2, 41, 41, 40, 21, 5, 10, 27, 22, 9, 1, 16, 31, 4, 44, 32, 32, 44, 21, 14, 1, 36, 8, 20, 25, 21, 48, 28, 10, 36, 21, 47, 40, 9, 3, 33, 10, 20, 30, 49, 35, 11, 6, 30, 20, 15, 25, 28, 42, 8, 39, 7, 47, 38, 42, 10, 43, 37, 9]', '[75, 4, 31, 58, 68, 16, 67, 34, 2, 69, 4, 48, 17, 54, 52, 65, 97, 56, 82, 81, 8, 56, 90, 76, 43, 90, 8, 91, 85, 40, 7, 96, 65, 24, 52, 18, 67, 80, 21, 81, 30, 9, 17, 94, 61, 25, 85, 38, 57, 6, 85, 9, 90, 70, 62, 40, 82, 8, 100, 85, 57, 72, 55, 26, 30, 2, 67, 2, 84, 95, 29, 31, 59, 70, 93, 10, 89, 85, 17, 88, 20, 69, 80, 45, 75, 57, 67, 81, 87, 10, 8, 87, 76, 49, 30, 34]\r\n', '2021-05-27'),
(1, '[20, 98, 85, 8, 91, 3, 21, 42, 19, 74, 68, 20, 48, 23, 76, 41, 95, 99, 66, 92, 58, 38, 41, 61, 53, 18, 65, 44, 37, 88, 1, 53, 54, 93, 92, 85, 87, 33, 78, 29, 92, 89, 26, 93, 26, 52, 32, 68, 43, 26, 91, 9, 29, 23, 22, 13, 17, 28, 37, 57, 71, 27, 97, 37, 51, 77, 41, 66, 55, 57, 23, 100, 52, 2, 18, 66, 85, 19, 64, 75, 21, 39, 16, 2, 69, 14, 12, 47, 25, 7, 64, 88, 2, 58, 49, 1]', '[42, 20, 44, 27, -3, 50, 23, -4, 11, 50, 5, 49, 45, 23, 35, 13, 19, 47, 15, 41, 14, 19, 26, 3, 34, -3, 28, 10, 16, 37, -2, 13, 45, 2, 42, 36, 46, 47, 17, 20, 6, -1, 6, 7, 8, -1, 15, 41, -3, 37, 17, 0, 34, 35, 16, 22, 44, -2, 16, 19, 23, 30, 44, -4, 7, -2, 24, 17, 49, 47, 22, -1, 9, 28, 39, 40, 42, 42, 34, 21, 33, 3, 45, 44, 50, 11, 49, -1, 13, 20, 47, 30, 45, 49, 46, 5]', '[70, 49, 94, 20, 11, 68, 90, 73, 42, 19, 34, 57, 84, 22, 35, 67, 38, 37, 31, 62, 77, 61, 19, 31, 89, 78, 48, 48, 74, 95, 86, 90, 21, 91, 49, 20, 21, 82, 27, 78, 10, 25, 31, 57, 43, 6, 74, 97, 60, 44, 95, 76, 46, 70, 50, 95, 82, 61, 55, 90, 77, 16, 45, 14, 67, 80, 61, 70, 40, 23, 9, 96, 86, 44, 25, 8, 92, 12, 47, 61, 32, 68, 42, 71, 80, 34, 89, 79, 44, 14, 22, 42, 62, 41, 2, 64]', '2021-05-28'),
(1, '[43, 12, 2, 68, 44, 90, 39, 51, 52, 16, 82, 67, 32, 3, 65, 77, 17, 94, 9, 55, 11, 73, 71, 92, 88, 98, 78, 36, 87, 32, 21, 18, 37, 55, 15, 51, 89, 91, 66, 93, 56, 55, 90, 7, 95, 55, 6, 34, 11, 5, 52, 33, 70, 93, 42, 51, 1, 2, 62, 78, 70, 54, 29, 25, 29, 50, 79, 58, 18, 1, 67, 39, 7, 16, 51, 93, 43, 82, 62, 38, 68, 75, 98, 90, 68, 100, 67, 86, 92, 77, 78, 37, 25, 26, 57, 60]', '[43, 19, -4, 16, 11, 13, 20, 27, 36, 27, -3, 21, -3, -4, 3, 28, 21, 48, 3, 36, 33, 11, -2, 44, 24, 44, 43, 11, 36, 49, 30, 18, 33, 17, 34, 19, 34, 28, 23, 6, 42, 15, 1, 46, 5, 27, 36, 20, 9, 50, 23, 1, 8, 34, 6, 42, 43, 19, 37, 45, 38, 27, 9, 29, 19, 42, 18, 9, 42, 37, 16, 34, -2, -3, 25, 20, 26, 17, 41, 43, 46, 28, 40, -3, 28, -4, 40, 28, 41, 43, 13, 24, 5, 15, 34, 11]', '[29, 71, 94, 35, 43, 68, 78, 96, 78, 89, 41, 9, 33, 9, 84, 49, 81, 62, 90, 56, 71, 55, 40, 32, 11, 47, 64, 78, 36, 23, 55, 46, 50, 43, 93, 71, 42, 9, 43, 67, 80, 96, 18, 49, 72, 34, 3, 59, 60, 14, 19, 15, 11, 67, 99, 70, 9, 21, 33, 7, 65, 25, 78, 40, 2, 86, 33, 72, 19, 34, 71, 98, 62, 22, 78, 27, 58, 51, 7, 54, 9, 29, 44, 67, 80, 31, 39, 16, 26, 22, 85, 3, 38, 73, 98, 9]', '2021-05-29'),
(1, '[59, 7, 97, 73, 51, 63, 1, 59, 18, 31, 67, 27, 98, 73, 1, 37, 71, 77, 4, 6, 25, 80, 3, 36, 61, 31, 66, 14, 81, 95, 55, 13, 4, 7, 39, 81, 49, 23, 19, 4, 58, 43, 21, 77, 43, 28, 30, 87, 50, 16, 38, 39, 62, 65, 32, 22, 87, 43, 84, 42, 56, 57, 39, 94, 87, 35, 89, 95, 9, 30, 8, 42, 82, 86, 97, 33, 79, 68, 19, 68, 27, 62, 77, 24, 15, 62, 28, 99, 42, 19, 27, 95, 86, 64, 14, 18]', '[5, 34, 9, 23, -2, -4, 17, 28, 24, 32, 47, 31, 9, 34, 4, 9, 33, 50, 8, 9, 13, 30, -1, 14, 43, -2, 20, 14, 47, 20, 21, 40, 21, 45, 28, 39, 47, 4, 43, 31, 25, 45, 13, 25, -2, 16, 48, 15, 7, 8, 31, 23, 13, 41, 27, 43, 3, 48, 44, 13, 14, 26, 49, 23, 15, 12, -3, 37, 28, 11, 11, 23, 21, 36, 14, 45, 22, 19, -1, 34, 49, 29, 14, 49, 49, 12, 3, -1, 26, 23, 10, 50, 13, 19, 25, 20]', '[50, 98, 41, 14, 80, 70, 61, 62, 9, 25, 74, 57, 31, 42, 97, 33, 93, 58, 97, 3, 51, 79, 2, 10, 39, 18, 54, 7, 66, 94, 68, 95, 44, 69, 5, 36, 94, 100, 54, 79, 19, 52, 10, 20, 76, 96, 7, 64, 26, 19, 47, 72, 4, 7, 73, 97, 95, 26, 39, 20, 15, 66, 26, 64, 30, 75, 28, 30, 68, 42, 67, 49, 34, 88, 10, 62, 7, 62, 43, 47, 81, 53, 93, 39, 13, 36, 80, 68, 3, 47, 62, 42, 23, 19, 63, 16]', '2021-05-30'),
(1, '[15, 57, 36, 86, 23, 44, 9, 47, 64, 87, 12, 42, 45, 87, 52, 42, 77, 80, 12, 75, 73, 91, 77, 59, 3, 72, 76, 23, 33, 1, 3, 26, 29, 91, 38, 6, 1, 68, 39, 68, 88, 31, 85, 89, 86, 26, 50, 25, 5, 16, 56, 50, 4, 73, 14, 26, 77, 9, 84, 70, 58, 95, 50, 80, 54, 50, 78, 65, 39, 99, 67, 52, 48, 59, 21, 77, 37, 97, 69, 92, 99, 66, 24, 89, 30, 71, 87, 17, 27, 25, 57, 64, 52, 31, 60, 27]', '[47, 5, -1, 15, 6, 43, 6, 18, 31, 49, 31, 31, 38, 10, 8, 28, 23, 47, 1, 26, 26, 20, 16, 1, 20, 46, 3, 5, 43, 14, 4, 45, 27, 11, 25, 25, 42, 49, 46, -4, 28, 7, 12, 7, 12, 35, 5, 5, 5, 21, 9, 17, 38, 11, 34, 22, 41, 20, 22, 12, 35, 7, 26, 39, 13, 7, 48, 25, 10, 29, 30, -2, 5, 5, 42, 21, 21, 18, 22, 48, 23, 36, 29, 29, 27, 50, -4, 42, 37, 32, 49, 30, 40, 27, 48, 16]', '[100, 84, 81, 38, 4, 78, 79, 34, 29, 35, 19, 29, 13, 60, 83, 18, 37, 19, 88, 55, 58, 2, 21, 96, 57, 3, 94, 25, 4, 87, 24, 54, 9, 21, 100, 25, 23, 6, 46, 100, 63, 64, 40, 32, 1, 52, 94, 3, 62, 68, 8, 27, 37, 94, 11, 96, 31, 57, 80, 63, 20, 78, 56, 91, 90, 99, 29, 64, 23, 46, 30, 67, 86, 48, 49, 66, 60, 66, 40, 94, 46, 10, 90, 96, 11, 44, 42, 57, 64, 43, 70, 68, 35, 4, 70, 59]', '2021-05-31'),
(1, '[42, 10, 31, 2, 79, 61, 31, 35, 61, 18, 23, 2, 77, 58, 100, 7, 71, 87, 53, 55, 83, 97, 47, 82, 25, 61, 59, 45, 16, 92, 100, 50, 14, 12, 16, 94, 32, 63, 100, 76, 35, 44, 80, 30, 62, 17, 65, 15, 72, 63, 8, 82, 30, 70, 41, 48, 73, 49, 96, 14, 100, 90, 57, 50, 100, 75, 61, 95, 75, 59, 38, 45, 92, 9, 68, 90, 41, 4, 97, 53, 39, 6, 25, 95, 10, 83, 25, 71, 65, 6, 97, 18, 63, 29, 9, 77]', '[19, 39, 13, 48, 5, 45, 42, 41, 11, 31, 15, 22, 11, 45, 22, 4, 40, 34, 43, 23, 3, 3, 45, 25, 42, 45, 18, 38, 6, 24, 26, 19, 14, 8, 34, 28, 8, 39, 44, 14, 40, -1, 28, 29, 50, 31, 36, 35, 24, 19, -3, 29, 14, 30, 25, 6, 40, 32, 36, -2, 39, 47, 13, -3, 24, 8, 0, 12, 22, 2, 39, 7, 29, 47, 21, 0, -4, 6, 39, 22, 16, 34, 8, 0, 41, 40, 27, 18, 16, 0, 23, 7, 45, 28, 47, 45]', '[60, 77, 45, 9, 33, 30, 53, 62, 5, 66, 79, 66, 34, 68, 39, 7, 10, 2, 57, 10, 31, 73, 21, 23, 90, 43, 32, 81, 79, 37, 1, 49, 46, 97, 84, 25, 1, 76, 54, 65, 72, 75, 92, 6, 64, 62, 2, 55, 50, 29, 33, 57, 20, 34, 63, 59, 86, 15, 26, 63, 51, 29, 69, 28, 7, 38, 38, 36, 89, 34, 78, 47, 60, 16, 36, 16, 37, 44, 15, 36, 1, 41, 65, 30, 32, 41, 90, 33, 45, 12, 62, 51, 90, 57, 72, 41]', '2021-06-01'),
(1, '[23, 80, 65, 5, 58, 68, 28, 62, 23, 61, 89, 83, 36, 7, 7, 5, 15, 34, 52, 2, 29, 89, 42, 36, 82, 81, 80, 10, 44, 62, 54, 96, 89, 62, 79, 36, 90, 42, 38, 48, 6, 25, 11, 4, 75, 83, 90, 83, 43, 93, 54, 79, 47, 83, 20, 61, 71, 42, 34, 23, 12, 96, 77, 49, 45, 45, 29, 68, 88, 18, 24, 79, 12, 23, 41, 70, 79, 68, 92, 97, 91, 25, 74, 2, 5, 13, 62, 2, 95, 56, 37, 15, 83, 13, 36, 8]', '[23, 33, 35, 48, 25, 38, 32, 6, 16, 35, 17, 23, 26, 39, 37, 34, 46, 9, 12, 4, 33, 43, 3, 11, 26, 37, 47, 46, 29, 16, 5, 30, 32, 36, 35, 47, 37, 30, 2, 7, 7, 3, 5, 15, 47, 29, 17, 20, 39, 2, 21, 48, 33, 40, 18, 8, 14, 43, 30, 20, 42, 27, 32, 32, 19, 18, 11, 23, 18, 6, 11, 11, 43, 22, 30, 21, 50, 50, 20, 46, 19, 30, 45, 8, 20, 6, 42, 17, 29, 38, 11, 35, 37, 28, 46, 49]', '[31, 31, 56, 6, 73, 28, 29, 84, 30, 13, 62, 6, 9, 36, 56, 19, 9, 66, 66, 94, 90, 6, 12, 30, 2, 41, 98, 33, 76, 47, 11, 22, 87, 65, 73, 7, 11, 92, 52, 35, 50, 40, 99, 63, 62, 15, 83, 3, 56, 27, 52, 38, 74, 84, 85, 32, 36, 33, 64, 22, 6, 85, 97, 15, 16, 5, 71, 37, 47, 80, 74, 93, 64, 87, 70, 75, 6, 57, 54, 33, 72, 48, 7, 73, 60, 35, 81, 42, 32, 30, 14, 43, 56, 29, 19, 72]', '2021-06-02'),
(1, '[41, 8, 60, 93, 71, 14, 13, 54, 94, 12, 72, 13, 41, 86, 44, 94, 40, 42, 18, 20, 28, 47, 32, 11, 14, 77, 50, 66, 37, 54, 13, 67, 31, 54, 98, 94, 55, 40, 100, 72, 1, 27, 29, 28, 19, 92, 27, 12, 78, 18, 29, 12, 15, 62, 74, 80, 23, 60, 60, 1, 34, 18, 10, 36, 44, 91, 71, 98, 52, 9, 82, 93, 97, 59, 9, 20, 9, 84, 58, 53, 26, 16, 55, 51, 42, 96, 86, 82, 25, 67, 25, 89, 81, 68, 27, 26]', '[-1, 22, 27, 13, 2, 26, 25, 12, 7, 22, 5, 12, 46, 23, 13, -2, -3, 6, 11, 16, 49, 23, 44, 42, 9, 26, -4, 35, 14, 36, 9, 22, 18, -3, 23, -2, 3, 21, 40, 14, 33, 36, -3, 2, 26, 38, 34, 28, 0, 40, 29, 43, 27, 44, 21, -4, 20, 44, 46, 13, 36, 13, 1, 8, 50, 28, 20, 31, 33, 47, 8, 2, 12, 10, -3, 34, 31, 17, 2, 30, 10, 43, 34, 18, 15, 14, -2, 48, 47, 27, 40, 16, 7, 38, 39, 28]', '[19, 24, 38, 44, 91, 95, 88, 84, 69, 37, 59, 27, 41, 48, 26, 85, 90, 23, 76, 96, 49, 38, 33, 26, 14, 6, 60, 47, 98, 3, 87, 73, 18, 85, 20, 79, 21, 44, 28, 78, 40, 26, 23, 9, 15, 16, 21, 16, 77, 5, 83, 2, 22, 4, 67, 84, 86, 53, 37, 26, 83, 23, 66, 66, 45, 93, 60, 37, 59, 89, 96, 77, 43, 11, 32, 36, 15, 25, 41, 81, 66, 8, 94, 99, 92, 17, 73, 69, 16, 21, 51, 30, 8, 76, 55, 46]', '2021-06-03'),
(2, '[66 ,26 ,66 ,63 ,3 ,23 ,26 ,66 ,32 ,32 ,26 ,31 ,22 ,23 ,20 ,33 ,30 ,62 ,2 ,22 ,36 ,22, 60 ,26 ,6 ,6 ,61 ,33 ,36 ,0 ,6 ,21 ,36 ,20 ,60 ,66 ,6 ,63 ,62 ,23 ,3 ,26 ,23 ,26 ,22 ,2 ,26 ,21 ,26, 1 ,36]', '[44 ,26 ,48 ,41 ,1 ,21 ,24 ,46 ,12 ,12 ,24 ,17 ,22 ,21 ,20 ,11 ,10 ,42 ,2 ,22 ,14 ,22, 40 ,24 ,8 ,6 ,47 ,11 ,16 ,0 ,4 ,27 ,14 ,20 ,40 ,44 ,4 ,41 ,42 ,21 ,1 ,28 ,21 ,26 ,22 ,2 ,24 ,27 ,28, 7 ,18]', '[66 ,26 ,66 ,63 ,3 ,23 ,26 ,66 ,32 ,32 ,26 ,31 ,22 ,23 ,20 ,33 ,30 ,62 ,2 ,22 ,36 ,22, 60 ,26 ,6 ,6 ,61 ,33 ,36 ,0 ,6 ,21 ,36 ,20 ,60 ,66 ,6 ,63 ,62 ,23 ,3 ,26 ,23 ,26 ,22 ,2 ,26 ,21 ,26, 1 ,36]', '2021-05-27'),
(3, '[88 ,28 ,36 ,68 ,8 ,78 ,36 ,66 ,83 ,83 ,36 ,81 ,37 ,18 ,30 ,43 ,30 ,67 ,7 ,22 ,36 ,22, 30 ,23 ,3 ,41 ,11 ,33 ,24 ,0 ,4 ,21 ,39 ,20 ,90 ,96 ,9 ,93 ,62 ,23 ,3 ,56 ,53 ,13 ,14 ,4 ,43 ,41 ,23, 1 ,33]', '[48 ,28 ,36 ,38 ,8 ,18 ,36 ,46 ,23 ,33 ,36 ,31 ,37 ,18 ,30 ,43 ,30 ,17 ,7 ,22 ,36 ,22, 30 ,23 ,3 ,41 ,11 ,33 ,24 ,0 ,4 ,21 ,39 ,20 ,30 ,26 ,9 ,13 ,42 ,23 ,3 ,36 ,23 ,13 ,14 ,4 ,43 ,41 ,23, 1 ,33]', '[18 ,38 ,36 ,38 ,8 ,18 ,36 ,76 ,73 ,33 ,86 ,81 ,37 ,18 ,30 ,73 ,30 ,17 ,7 ,72 ,86 ,22, 80 ,23 ,3 ,61 ,11 ,33 ,66 ,0 ,6 ,61 ,39 ,60 ,30 ,26 ,9 ,13 ,22 ,23 ,3 ,36 ,43 ,13 ,12 ,2 ,23 ,91 ,23, 1 ,83]', '2021-05-27'),
(4, '[16, 28, 36, 5, 14, 46, 12, 90, 70, 72, 68, 71, 60, 15, 59, 11, 18, 84, 22, 39, 43, 94, 5, 17, 45, 23, 8, 69, 81, 44, 78, 62, 35, 11, 85, 63, 53, 99, 44, 17, 95, 67, 3, 21, 93, 85, 60, 60, 76, 85, 82, 48, 61, 88, 5, 88, 45, 28, 31, 44, 84, 77, 90, 52, 10, 53, 39, 26, 7, 64, 11, 16, 82, 69, 45, 88, 84, 90, 24, 70, 35, 38, 4, 31, 1, 14, 81, 85, 3, 28, 93, 30, 26, 59, 14, 81]', '[27, 8, 46, 23, 3, 27, 44, 10, 16, 47, 7, 11, 21, 50, 38, 28, 40, 43, 4, 49, 18, 4, 34, 17, 8, 43, 34, 20, 40, 36, 31, 36, 27, 28, 46, 39, 15, 3, 21, 33, 19, 11, 21, 27, 47, 41, 27, 10, 47, 38, 6, 23, 33, 21, 48, 3, 26, 11, 22, 50, 31, 49, 14, 36, 22, 44, 2, 48, 20, 35, 27, 24, 44, 34, 37, 41, 27, 11, 18, 4, 44, 24, 27, 49, 49, 41, 19, 32, 3, 32, 42, 4, 22, 10, 7, 19]', '[20, 69, 95, 49, 26, 32, 98, 51, 48, 2, 40, 59, 23, 47, 35, 30, 12, 17, 27, 64, 58, 18, 5, 44, 90, 22, 47, 61, 26, 77, 24, 74, 22, 22, 83, 49, 33, 85, 15, 31, 33, 16, 27, 30, 12, 77, 88, 82, 86, 2, 7, 60, 80, 85, 9, 3, 64, 91, 40, 97, 18, 21, 37, 31, 4, 45, 73, 33, 18, 27, 85, 85, 5, 12, 99, 38, 15, 10, 19, 46, 65, 29, 83, 10, 38, 7, 66, 5, 3, 62, 98, 52, 33, 86, 80, 89]', '2021-05-27'),
(5, '[23, 80, 65, 5, 58, 68, 28, 62, 23, 61, 89, 83, 36, 7, 7, 5, 15, 34, 52, 2, 29, 89, 42, 36, 82, 81, 80, 10, 44, 62, 54, 96, 89, 62, 79, 36, 90, 42, 38, 48, 6, 25, 11, 4, 75, 83, 90, 83, 43, 93, 54, 79, 47, 83, 20, 61, 71, 42, 34, 23, 12, 96, 77, 49, 45, 45, 29, 68, 88, 18, 24, 79, 12, 23, 41, 70, 79, 68, 92, 97, 91, 25, 74, 2, 5, 13, 62, 2, 95, 56, 37, 15, 83, 13, 36, 8]', '[23, 33, 35, 48, 25, 38, 32, 6, 16, 35, 17, 23, 26, 39, 37, 34, 46, 9, 12, 4, 33, 43, 3, 11, 26, 37, 47, 46, 29, 16, 5, 30, 32, 36, 35, 47, 37, 30, 2, 7, 7, 3, 5, 15, 47, 29, 17, 20, 39, 2, 21, 48, 33, 40, 18, 8, 14, 43, 30, 20, 42, 27, 32, 32, 19, 18, 11, 23, 18, 6, 11, 11, 43, 22, 30, 21, 50, 50, 20, 46, 19, 30, 45, 8, 20, 6, 42, 17, 29, 38, 11, 35, 37, 28, 46, 49]', '[93, 52, 75, 10, 58, 93, 99, 91, 60, 62, 81, 44, 29, 24, 7, 98, 59, 60, 65, 80, 87, 81, 87, 76, 27, 62, 16, 43, 74, 90, 65, 63, 32, 18, 41, 55, 42, 31, 54, 80, 15, 82, 16, 90, 31, 30, 20, 54, 55, 2, 100, 6, 67, 86, 99, 55, 36, 40, 19, 95, 99, 90, 49, 54, 6, 65, 39, 52, 91, 72, 53, 44, 13, 95, 87, 69, 8, 76, 70, 46, 31, 26, 76, 72, 50, 9, 96, 57, 69, 32, 10, 43, 3, 56, 2, 33]', '2021-05-27'),
(6, '[60, 80, 24, 51, 64, 74, 79, 16, 82, 12, 72, 86, 70, 63, 38, 97, 13, 4, 50, 6, 16, 58, 14, 87, 31, 29, 95, 75, 43, 52, 43, 7, 13, 32, 75, 39, 98, 9, 73, 62, 80, 33, 82, 36, 54, 73, 77, 90, 23, 38, 13, 83, 56, 89, 91, 44, 77, 31, 52, 54, 42, 77, 35, 53, 55, 93, 23, 71, 72, 95, 93, 72, 79, 98, 26, 15, 56, 47, 7, 84, 69, 73, 71, 74, 79, 30, 95, 38, 15, 100, 6, 84, 14, 33, 89, 19]', '[26, 44, 4, 37, 38, 24, 34, 29, 45, 41, 10, 21, 1, 11, 13, 7, 44, 44, 20, 2, 10, 27, 48, 45, 44, 12, 20, 24, 38, 12, 21, 27, 48, 49, 37, 43, 26, 4, 24, 5, 4, 15, 34, 45, 37, 4, 32, 27, 15, 25, 14, 49, 26, 34, 19, 34, 5, 18, 11, 27, 28, 3, 22, 27, 12, 34, 41, 4, 3, 17, 49, 25, 47, 15, 3, 20, 6, 44, 48, 22, 12, 5, 20, 22, 48, 5, 38, 4, 31, 49, 24, 39, 34, 30, 26, 16]', '[86, 77, 6, 19, 47, 92, 70, 11, 99, 7, 89, 29, 47, 82, 33, 29, 23, 68, 82, 64, 28, 60, 71, 19, 83, 44, 82, 47, 22, 38, 48, 92, 86, 61, 38, 9, 44, 29, 86, 91, 73, 89, 82, 71, 28, 95, 66, 63, 77, 13, 45, 91, 80, 25, 29, 72, 4, 68, 69, 54, 4, 24, 22, 90, 48, 90, 49, 93, 27, 88, 51, 81, 63, 5, 29, 54, 66, 87, 93, 80, 98, 24, 65, 70, 3, 90, 49, 61, 96, 75, 39, 77, 24, 21, 78, 9]', '2021-05-27'),
(7, '[68, 51, 58, 74, 25, 85, 79, 30, 63, 72, 84, 8, 62, 22, 86, 87, 62, 11, 18, 33, 90, 14, 65, 88, 54, 72, 27, 8, 84, 89, 14, 40, 79, 14, 12, 19, 53, 76, 74, 76, 55, 94, 85, 93, 86, 86, 90, 8, 90, 79, 69, 91, 58, 99, 49, 63, 36, 69, 5, 30, 29, 28, 62, 2, 84, 62, 61, 93, 70, 50, 48, 43, 3, 20, 3, 28, 99, 91, 49, 84, 22, 69, 84, 38, 13, 9, 48, 62, 36, 2, 45, 62, 43, 18, 57, 19]', '[20, 19, 16, 40, 27, 21, 40, 43, 48, 33, 14, 47, 26, 36, 44, 41, 13, 2, 32, 49, 8, 17, 41, 17, 34, 11, 23, 46, 34, 14, 35, 21, 14, 26, 20, 18, 11, 25, 25, 46, 35, 38, 46, 2, 16, 4, 27, 39, 27, 29, 29, 25, 42, 12, 38, 19, 13, 1, 43, 12, 41, 17, 16, 28, 31, 16, 31, 26, 37, 3, 13, 35, 11, 10, 21, 22, 19, 41, 38, 21, 4, 15, 8, 18, 14, 44, 13, 45, 31, 38, 26, 5, 6, 17, 2, 48]', '[40, 63, 29, 13, 11, 88, 16, 20, 5, 32, 5, 44, 58, 31, 4, 90, 90, 61, 33, 26, 3, 8, 43, 14, 70, 40, 43, 98, 27, 57, 91, 67, 11, 48, 10, 10, 67, 28, 90, 16, 56, 30, 89, 56, 85, 58, 56, 53, 2, 66, 9, 18, 94, 96, 58, 44, 93, 22, 63, 42, 61, 50, 45, 56, 42, 21, 17, 19, 92, 91, 38, 17, 58, 42, 97, 97, 53, 66, 45, 68, 47, 37, 73, 63, 92, 43, 25, 91, 78, 4, 78, 3, 76, 57, 3, 50]', '2021-05-27'),
(8, '[87, 41, 71, 92, 18, 94, 95, 61, 86, 69, 56, 80, 68, 26, 71, 52, 57, 69, 59, 29, 69, 5, 45, 66, 52, 99, 77, 15, 43, 96, 75, 73, 19, 69, 75, 47, 17, 49, 84, 4, 44, 76, 91, 22, 57, 31, 22, 29, 9, 42, 78, 90, 86, 14, 27, 34, 61, 71, 11, 73, 66, 79, 53, 60, 46, 44, 73, 43, 80, 40, 74, 66, 93, 86, 10, 67, 48, 45, 41, 21, 63, 96, 79, 47, 85, 81, 98, 10, 38, 70, 63, 30, 94, 7, 65, 71]', '[4, 33, 43, 19, 42, 12, 12, 1, 37, 20, 13, 37, 45, 23, 2, 42, 31, 50, 24, 9, 48, 15, 32, 2, 2, 34, 39, 1, 10, 21, 15, 4, 15, 48, 22, 9, 29, 30, 2, 32, 39, 4, 44, 22, 45, 43, 32, 18, 8, 6, 4, 16, 40, 16, 11, 49, 44, 46, 15, 44, 21, 4, 47, 7, 22, 31, 47, 3, 42, 10, 34, 44, 39, 18, 14, 29, 49, 13, 46, 7, 21, 50, 4, 8, 33, 22, 35, 29, 25, 49, 18, 41, 13, 27, 21, 20]', '[55, 5, 47, 92, 95, 50, 90, 49, 27, 62, 94, 61, 46, 30, 37, 59, 5, 67, 74, 23, 77, 5, 5, 19, 5, 65, 30, 60, 53, 53, 95, 84, 88, 7, 30, 96, 11, 38, 10, 87, 61, 65, 70, 87, 77, 72, 96, 53, 68, 86, 35, 92, 24, 67, 49, 21, 81, 13, 95, 69, 55, 2, 93, 85, 52, 28, 24, 15, 19, 91, 33, 100, 40, 67, 16, 94, 4, 36, 41, 40, 25, 27, 98, 93, 32, 8, 38, 35, 34, 10, 81, 41, 73, 64, 4, 88]', '2021-05-27'),
(9, '[59, 83, 92, 34, 86, 14, 70, 52, 60, 32, 17, 18, 11, 36, 36, 23, 72, 35, 52, 38, 39, 69, 58, 35, 87, 89, 94, 71, 38, 13, 8, 55, 33, 63, 38, 33, 54, 24, 33, 13, 72, 2, 15, 4, 66, 51, 70, 76, 37, 85, 45, 48, 46, 86, 65, 76, 34, 90, 55, 5, 42, 85, 89, 7, 54, 35, 7, 5, 94, 39, 65, 82, 35, 29, 76, 12, 38, 22, 41, 58, 7, 16, 42, 75, 15, 81, 37, 92, 32, 49, 41, 16, 85, 54, 36, 30]', '[1, 50, 15, 41, 36, 42, 12, 24, 28, 8, 28, 40, 40, 44, 41, 31, 43, 6, 37, 10, 22, 27, 31, 2, 31, 24, 1, 9, 36, 24, 27, 14, 40, 1, 50, 4, 32, 23, 15, 39, 37, 21, 40, 34, 50, 39, 7, 41, 39, 40, 46, 10, 33, 31, 24, 8, 45, 11, 28, 5, 26, 20, 44, 33, 34, 41, 4, 30, 2, 28, 46, 35, 44, 25, 21, 33, 5, 33, 8, 1, 21, 45, 35, 38, 26, 40, 35, 38, 32, 24, 47, 32, 21, 35, 20, 31]', '[25, 95, 25, 39, 28, 69, 32, 13, 76, 91, 33, 51, 3, 53, 63, 27, 49, 64, 94, 93, 14, 65, 76, 65, 88, 34, 47, 25, 75, 24, 85, 9, 82, 24, 38, 74, 50, 35, 27, 38, 36, 35, 72, 44, 23, 67, 45, 91, 87, 80, 56, 25, 13, 38, 53, 42, 6, 39, 55, 88, 48, 73, 26, 35, 79, 42, 9, 24, 95, 28, 12, 34, 29, 1, 58, 59, 87, 30, 61, 38, 21, 56, 88, 78, 7, 20, 89, 46, 19, 81, 36, 97, 73, 30, 38, 95]', '2021-05-27'),
(11, '[17, 21, 49, 10, 32, 41, 38, 25, 31, 8, 83, 90, 9, 9, 92, 74, 22, 55, 22, 18, 7, 45, 99, 44, 70, 98, 28, 42, 28, 75, 72, 13, 55, 60, 23, 10, 38, 35, 25, 57, 68, 67, 69, 87, 75, 29, 87, 28, 25, 80, 13, 39, 35, 74, 65, 76, 7, 52, 3, 57, 56, 9, 48, 46, 62, 41, 35, 70, 41, 3, 40, 24, 30, 81, 75, 89, 29, 47, 34, 29, 5, 1, 56, 68, 83, 26, 90, 77, 84, 69, 58, 98, 17, 12, 38, 91]', '[43, 41, 28, 48, 35, 14, 13, 5, 21, 35, 19, 42, 43, 45, 17, 50, 49, 24, 40, 37, 8, 24, 45, 35, 24, 40, 40, 44, 48, 15, 43, 40, 25, 5, 16, 15, 30, 43, 37, 46, 5, 1, 41, 48, 46, 46, 26, 18, 12, 23, 10, 39, 48, 24, 17, 9, 3, 25, 16, 2, 16, 28, 6, 2, 17, 16, 25, 34, 23, 28, 23, 20, 48, 13, 25, 27, 22, 29, 42, 35, 32, 2, 22, 45, 29, 9, 21, 18, 19, 46, 20, 6, 1, 18, 16, 46]', '[2, 4, 82, 10, 83, 61, 76, 30, 46, 58, 77, 32, 28, 62, 10, 92, 17, 54, 63, 87, 98, 25, 89, 90, 27, 48, 89, 46, 8, 48, 27, 53, 72, 68, 72, 54, 15, 77, 72, 5, 18, 45, 50, 20, 48, 22, 45, 78, 50, 76, 89, 56, 27, 51, 6, 80, 37, 29, 40, 55, 17, 67, 61, 27, 11, 39, 63, 82, 4, 26, 3, 12, 70, 41, 51, 89, 95, 59, 14, 72, 99, 82, 76, 82, 34, 66, 68, 45, 86, 15, 6, 20, 5, 4, 36, 1]', '2021-05-27'),
(12, '[67, 29, 78, 75, 96, 93, 37, 78, 52, 89, 92, 54, 15, 37, 48, 35, 25, 35, 74, 11, 32, 62, 6, 59, 16, 79, 36, 27, 66, 97, 25, 33, 72, 49, 49, 8, 42, 57, 36, 73, 41, 74, 29, 66, 54, 26, 80, 3, 17, 50, 21, 16, 73, 31, 97, 36, 96, 76, 63, 24, 57, 98, 26, 12, 96, 57, 27, 62, 42, 1, 22, 64, 29, 43, 73, 3, 17, 42, 66, 69, 21, 67, 93, 33, 1, 56, 40, 97, 49, 23, 80, 69, 48, 13, 40, 65]', '[26, 16, 50, 12, 44, 26, 12, 17, 44, 22, 1, 11, 14, 11, 16, 29, 20, 31, 17, 42, 10, 38, 45, 35, 42, 24, 39, 27, 22, 16, 14, 38, 8, 41, 26, 47, 15, 6, 26, 34, 12, 48, 39, 9, 40, 44, 26, 30, 7, 17, 26, 3, 10, 48, 12, 4, 28, 48, 38, 9, 42, 38, 48, 27, 40, 2, 45, 13, 26, 44, 17, 1, 29, 28, 29, 34, 5, 35, 44, 25, 2, 21, 18, 48, 10, 30, 5, 36, 50, 34, 10, 6, 22, 22, 19, 24]', '[75, 4, 31, 58, 68, 16, 67, 34, 2, 69, 4, 48, 17, 54, 52, 65, 97, 56, 82, 81, 8, 56, 90, 76, 43, 90, 8, 91, 85, 40, 7, 96, 65, 24, 52, 18, 67, 80, 21, 81, 30, 9, 17, 94, 61, 25, 85, 38, 57, 6, 85, 9, 90, 70, 62, 40, 82, 8, 100, 85, 57, 72, 55, 26, 30, 2, 67, 2, 84, 95, 29, 31, 59, 70, 93, 10, 89, 85, 17, 88, 20, 69, 80, 45, 75, 57, 67, 81, 87, 10, 8, 87, 76, 49, 30, 34]', '2021-05-27'),
(13, '[48, 97, 3, 94, 30, 28, 53, 44, 3, 13, 23, 70, 36, 39, 90, 37, 3, 72, 27, 39, 65, 42, 68, 37, 53, 80, 48, 49, 60, 21, 43, 92, 34, 80, 68, 71, 54, 16, 67, 89, 36, 10, 16, 73, 24, 42, 75, 12, 21, 43, 97, 85, 99, 29, 80, 69, 29, 51, 22, 2, 83, 19, 72, 50, 35, 79, 73, 81, 91, 30, 3, 30, 17, 83, 36, 54, 50, 42, 23, 88, 30, 18, 29, 42, 54, 26, 17, 38, 51, 27, 76, 58, 72, 25, 63, 13]', '[40, 4, 9, 45, 4, 41, 8, 26, 48, 4, 41, 8, 49, 33, 4, 16, 23, 6, 30, 14, 4, 4, 6, 18, 10, 49, 9, 24, 13, 19, 30, 21, 21, 6, 10, 29, 15, 48, 46, 14, 13, 2, 49, 30, 11, 27, 3, 18, 41, 15, 35, 37, 6, 3, 39, 32, 31, 26, 32, 43, 8, 36, 38, 49, 19, 39, 30, 29, 49, 6, 43, 33, 27, 12, 25, 43, 18, 20, 48, 28, 8, 40, 7, 17, 19, 35, 16, 41, 32, 41, 24, 17, 14, 25, 36, 6]', '[31, 31, 56, 6, 73, 28, 29, 84, 30, 13, 62, 6, 9, 36, 56, 19, 9, 66, 66, 94, 90, 6, 12, 30, 2, 41, 98, 33, 76, 47, 11, 22, 87, 65, 73, 7, 11, 92, 52, 35, 50, 40, 99, 63, 62, 15, 83, 3, 56, 27, 52, 38, 74, 84, 85, 32, 36, 33, 64, 22, 6, 85, 97, 15, 16, 5, 71, 37, 47, 80, 74, 93, 64, 87, 70, 75, 6, 57, 54, 33, 72, 48, 7, 73, 60, 35, 81, 42, 32, 30, 14, 43, 56, 29, 19, 72]', '2021-05-27'),
(14, '[11, 74, 28, 6, 73, 87, 62, 8, 51, 90, 80, 48, 20, 90, 63, 41, 18, 72, 90, 78, 10, 81, 85, 72, 77, 56, 18, 95, 89, 85, 32, 89, 20, 2, 88, 86, 54, 13, 76, 38, 16, 99, 97, 9, 70, 78, 16, 55, 81, 74, 9, 2, 88, 70, 91, 78, 54, 36, 15, 11, 26, 15, 33, 3, 14, 65, 12, 50, 11, 76, 14, 45, 2, 52, 88, 3, 89, 92, 19, 93, 62, 77, 90, 75, 76, 5, 74, 9, 78, 49, 52, 40, 35, 6, 11, 34]', '[46, -2, 40, 13, 38, 27, 47, 25, 14, 1, -3, 33, 22, 30, 29, 22, 48, 27, 35, 42, 4, 35, 18, -4, 47, 0, 21, 37, 23, 19, 45, 15, 21, 24, 15, -2, -3, 7, 26, 49, 32, 41, 10, 28, 31, 33, 32, 34, -3, 0, 50, 13, 45, 2, 42, -4, 4, 25, 26, 42, 50, 45, -1, 21, 36, 30, 20, 43, 31, 46, 1, 44, 38, 10, 12, 11, 18, 1, 35, 32, 33, 3, 1, -1, 23, 47, 45, 46, 2, 11, 39, 2, 11, 28, 33, 15]', '[26, 83, 80, 74, 1, 53, 18, 48, 52, 19, 33, 62, 77, 78, 12, 52, 26, 71, 11, 82, 20, 40, 14, 16, 26, 7, 10, 84, 18, 48, 70, 87, 68, 10, 23, 16, 29, 14, 70, 30, 33, 18, 16, 39, 34, 30, 13, 53, 45, 38, 95, 39, 86, 39, 21, 27, 39, 1, 27, 61, 79, 45, 87, 1, 20, 11, 58, 95, 92, 62, 95, 94, 26, 88, 100, 13, 75, 62, 16, 40, 95, 6, 2, 67, 88, 20, 10, 57, 12, 29, 15, 15, 71, 1, 40, 57]', '2021-05-16'),
(14, '[9, 96, 91, 11, 22, 87, 14, 26, 24, 97, 42, 16, 52, 34, 48, 7, 92, 88, 37, 63, 96, 93, 14, 26, 98, 6, 13, 47, 54, 8, 20, 66, 35, 88, 28, 15, 50, 93, 39, 2, 99, 49, 19, 29, 6, 46, 44, 86, 9, 48, 85, 46, 33, 98, 9, 84, 46, 54, 44, 68, 80, 18, 41, 33, 2, 53, 94, 2, 81, 7, 85, 45, 98, 75, 95, 66, 88, 62, 62, 20, 33, 92, 67, 73, 44, 29, 75, 66, 99, 21, 52, 18, 16, 53, 12, 58]', '[19, 11, 28, 29, 25, 2, 36, 17, 44, 23, 28, 16, 37, 34, 27, 35, 29, 6, 10, 23, 9, 10, 37, 32, 23, 23, 14, 2, 33, 7, 8, 48, 31, 27, 40, 28, 2, 6, 44, 35, 19, 21, 43, 38, 3, 37, 35, 35, 49, 37, 45, 26, 33, 39, 9, 23, 15, 38, 2, 15, 45, 42, 11, 11, 28, 27, 14, 49, 49, 43, 18, 26, 48, 8, 26, 13, 7, 29, 34, 4, 26, 29, 40, 15, 43, 29, 48, 20, 3, 8, 32, 9, 46, 50, 15, 3]', '[6, 50, 11, 3, 60, 100, 47, 51, 69, 48, 54, 34, 30, 46, 33, 76, 52, 71, 77, 52, 78, 13, 39, 38, 38, 6, 16, 49, 47, 30, 72, 83, 41, 13, 99, 28, 35, 53, 62, 48, 58, 75, 56, 94, 14, 23, 81, 57, 35, 82, 19, 47, 50, 93, 42, 97, 56, 99, 4, 24, 23, 41, 24, 80, 52, 90, 67, 51, 97, 67, 90, 83, 3, 65, 7, 100, 55, 63, 35, 18, 55, 66, 2, 97, 11, 72, 50, 89, 39, 95, 81, 59, 15, 33, 90, 91]', '2021-05-27');
INSERT INTO `probe_history` (`probeID`, `humidity`, `temperature`, `salinity`, `date`) VALUES
(16, '[7, 70, 68, 87, 77, 98, 89, 2, 9, 95, 71, 80, 64, 31, 79, 54, 99, 88, 29, 25, 35, 75, 66, 51, 94, 57, 27, 77, 50, 41, 83, 10, 57, 37, 22, 3, 79, 25, 85, 51, 9, 21, 18, 92, 4, 45, 59, 97, 23, 63, 85, 58, 7, 62, 98, 40, 23, 35, 47, 3, 48, 45, 92, 61, 95, 84, 70, 67, 29, 13, 41, 86, 78, 54, 31, 3, 89, 45, 76, 85, 51, 6, 61, 23, 25, 68, 69, 75, 77, 38, 59, 96, 89, 51, 68, 51]', '[40, 38, 28, 50, 22, 40, 3, 30, 32, 10, 17, 21, 30, 32, 10, 49, 37, 8, 10, 32, 23, 9, 20, 8, 15, 5, 34, 11, 6, 42, 24, 14, 35, 39, 48, 39, 14, 33, 33, 47, 50, 24, 34, 13, 8, 6, 36, 5, 25, 16, 39, 23, 22, 8, 29, 38, 35, 35, 14, 38, 26, 6, 29, 5, 27, 17, 34, 41, 41, 48, 2, 28, 10, 39, 46, 41, 30, 38, 46, 20, 27, 13, 21, 8, 49, 31, 16, 11, 40, 35, 20, 7, 44, 47, 26, 40]', '[64, 36, 4, 88, 46, 84, 33, 33, 51, 73, 35, 33, 24, 19, 23, 59, 83, 5, 74, 42, 28, 72, 36, 21, 21, 45, 97, 11, 75, 59, 27, 38, 6, 95, 93, 70, 27, 19, 17, 18, 62, 16, 81, 16, 4, 96, 64, 47, 87, 99, 56, 28, 46, 41, 40, 84, 68, 4, 9, 40, 87, 99, 32, 89, 80, 8, 84, 41, 62, 77, 82, 63, 95, 97, 96, 77, 75, 21, 4, 75, 48, 59, 8, 48, 57, 43, 85, 60, 52, 33, 44, 57, 54, 5, 72, 35]', '2021-05-27'),
(17, '[63, 99, 13, 48, 77, 42, 9, 98, 64, 90, 65, 19, 8, 2, 32, 36, 84, 80, 50, 24, 9, 81, 81, 23, 38, 73, 36, 68, 80, 82, 58, 8, 10, 15, 30, 6, 16, 11, 90, 85, 78, 96, 88, 35, 8, 86, 87, 76, 70, 75, 65, 93, 27, 16, 33, 36, 7, 98, 59, 39, 33, 80, 94, 36, 78, 7, 30, 87, 3, 10, 78, 4, 68, 32, 100, 56, 26, 55, 64, 95, 95, 92, 20, 25, 86, 45, 43, 35, 55, 52, 31, 83, 99, 83, 99, 13]', '[33, 34, 47, 10, 34, 14, 23, 5, 21, 50, 30, 29, 49, 22, 8, 46, 50, 38, 35, 26, 38, 2, 28, 39, 36, 7, 15, 46, 39, 22, 6, 23, 3, 28, 15, 13, 46, 47, 29, 25, 15, 22, 26, 25, 33, 2, 1, 47, 13, 37, 39, 19, 14, 48, 7, 17, 15, 16, 9, 23, 39, 10, 17, 43, 44, 41, 16, 34, 26, 40, 17, 12, 44, 4, 5, 2, 47, 10, 45, 29, 45, 30, 27, 33, 18, 39, 40, 2, 11, 30, 18, 37, 14, 14, 24, 14]', '[3, 100, 18, 45, 37, 24, 41, 5, 28, 52, 58, 89, 88, 25, 68, 8, 53, 99, 68, 39, 6, 21, 24, 11, 8, 86, 6, 55, 39, 10, 65, 22, 35, 86, 48, 31, 7, 19, 74, 78, 100, 2, 71, 35, 83, 83, 41, 44, 57, 49, 91, 40, 52, 50, 21, 6, 96, 89, 2, 10, 61, 50, 38, 8, 56, 28, 49, 20, 62, 77, 16, 53, 97, 60, 14, 2, 87, 93, 16, 10, 64, 4, 77, 35, 63, 77, 74, 68, 73, 86, 60, 95, 23, 42, 55, 19]', '2021-05-27'),
(18, '[21, 92, 49, 18, 12, 14, 29, 83, 7, 81, 50, 58, 17, 79, 87, 84, 6, 23, 87, 64, 69, 80, 22, 69, 20, 37, 28, 72, 9, 83, 80, 95, 46, 29, 86, 18, 53, 81, 59, 54, 56, 87, 59, 95, 22, 22, 10, 10, 8, 15, 38, 60, 5, 64, 42, 82, 54, 62, 84, 25, 31, 22, 86, 77, 82, 76, 51, 19, 48, 43, 74, 73, 89, 31, 16, 66, 87, 61, 63, 2, 22, 54, 4, 27, 60, 34, 93, 60, 74, 38, 56, 32, 77, 8, 93, 8]', '[44, 36, 14, 17, 17, 8, 17, 38, 32, 40, 44, 39, 16, 14, 33, 44, 5, 50, 26, 41, 10, 15, 6, 45, 30, 11, 5, 24, 23, 3, 41, 41, 13, 3, 6, 13, 39, 2, 41, 41, 40, 21, 5, 10, 27, 22, 9, 1, 16, 31, 4, 44, 32, 32, 44, 21, 14, 1, 36, 8, 20, 25, 21, 48, 28, 10, 36, 21, 47, 40, 9, 3, 33, 10, 20, 30, 49, 35, 11, 6, 30, 20, 15, 25, 28, 42, 8, 39, 7, 47, 38, 42, 10, 43, 37, 9]', '[34, 82, 31, 47, 75, 92, 15, 20, 7, 93, 22, 48, 44, 38, 64, 15, 89, 99, 61, 58, 27, 45, 83, 1, 97, 67, 74, 42, 58, 59, 69, 53, 59, 86, 4, 5, 85, 90, 20, 19, 86, 37, 39, 77, 32, 35, 86, 98, 91, 48, 22, 82, 39, 17, 68, 23, 37, 29, 9, 48, 43, 50, 60, 54, 76, 52, 63, 43, 34, 16, 81, 49, 56, 42, 80, 36, 80, 24, 78, 4, 8, 25, 11, 68, 3, 53, 22, 3, 4, 66, 99, 89, 66, 85, 71, 22]', '2021-05-27'),
(19, '[60, 43, 98, 95, 64, 70, 66, 62, 81, 3, 33, 90, 96, 71, 6, 14, 82, 82, 18, 14, 65, 63, 75, 76, 71, 10, 5, 39, 49, 43, 21, 16, 27, 83, 34, 42, 67, 90, 45, 57, 31, 60, 9, 81, 49, 85, 45, 6, 20, 70, 29, 62, 94, 38, 64, 64, 65, 55, 82, 61, 43, 65, 44, 26, 55, 6, 80, 55, 12, 74, 36, 82, 81, 17, 2, 48, 5, 3, 91, 62, 10, 57, 21, 60, 45, 13, 21, 19, 95, 76, 47, 29, 19, 74, 97, 33]', '[49, 43, 41, 15, 8, 46, 50, 26, 4, 19, 33, 47, 48, 12, 45, 47, 20, 15, 45, 32, 49, 38, 5, 8, 22, 37, 28, 39, 7, 16, 13, 3, 38, 44, 33, 8, 17, 10, 45, 43, 32, 18, 25, 9, 2, 9, 22, 18, 25, 9, 29, 23, 40, 9, 44, 27, 45, 20, 46, 42, 33, 13, 20, 2, 47, 16, 9, 30, 18, 11, 16, 16, 14, 49, 11, 11, 42, 23, 24, 34, 27, 35, 20, 30, 18, 49, 11, 26, 45, 23, 38, 13, 4, 43, 30, 47]', '[3, 23, 15, 33, 20, 62, 94, 39, 2, 84, 91, 64, 79, 52, 99, 62, 98, 97, 21, 27, 46, 52, 24, 98, 8, 24, 92, 46, 18, 98, 78, 57, 11, 27, 32, 24, 29, 89, 86, 98, 20, 18, 94, 13, 18, 19, 6, 36, 34, 80, 12, 43, 76, 11, 30, 65, 39, 22, 23, 3, 55, 39, 19, 97, 5, 53, 21, 17, 44, 39, 84, 19, 83, 30, 78, 38, 83, 17, 16, 39, 27, 87, 14, 20, 80, 9, 57, 47, 13, 74, 81, 65, 14, 64, 52, 33]', '2021-05-27'),
(20, '[86, 17, 21, 16, 97, 34, 88, 81, 92, 49, 37, 61, 91, 87, 38, 30, 42, 20, 6, 53, 83, 3, 64, 75, 69, 4, 30, 49, 50, 83, 76, 29, 20, 77, 60, 72, 91, 39, 6, 57, 70, 54, 31, 60, 52, 3, 70, 87, 89, 12, 37, 91, 95, 15, 18, 5, 47, 22, 29, 22, 16, 13, 49, 28, 46, 31, 1, 59, 71, 12, 52, 77, 50, 39, 77, 17, 63, 94, 20, 4, 75, 31, 93, 79, 96, 74, 15, 78, 93, 19, 52, 66, 62, 83, 90, 74]', '[35, 47, 16, 14, 4, 38, 1, 13, 23, 26, 44, 39, 10, 8, 29, 45, 41, 22, 29, 50, 30, 6, 8, 12, 45, 25, 44, 38, 31, 28, 28, 37, 12, 25, 37, 46, 35, 15, 14, 28, 28, 34, 26, 25, 40, 11, 28, 14, 11, 35, 15, 5, 44, 30, 22, 44, 6, 36, 8, 23, 34, 29, 6, 20, 48, 5, 13, 44, 14, 39, 49, 44, 39, 25, 39, 10, 43, 5, 26, 38, 5, 24, 37, 31, 48, 22, 25, 34, 28, 31, 46, 43, 24, 8, 20, 42]', '[85, 54, 74, 70, 32, 91, 8, 81, 95, 91, 99, 62, 49, 93, 13, 36, 91, 2, 62, 32, 30, 80, 10, 3, 20, 80, 35, 72, 43, 76, 5, 53, 72, 72, 8, 100, 38, 59, 36, 20, 32, 47, 90, 98, 45, 93, 39, 17, 34, 99, 97, 8, 45, 61, 23, 25, 17, 65, 39, 2, 99, 88, 82, 15, 45, 92, 72, 47, 66, 67, 1, 77, 7, 35, 81, 30, 32, 72, 49, 6, 84, 37, 50, 64, 66, 59, 6, 15, 68, 23, 29, 52, 86, 84, 71, 44]', '2021-05-27'),
(21, '[8, 85, 42, 23, 71, 25, 72, 69, 77, 90, 24, 97, 55, 76, 40, 75, 34, 3, 24, 60, 97, 56, 26, 2, 77, 20, 50, 49, 99, 97, 31, 14, 30, 99, 33, 82, 55, 19, 17, 13, 68, 31, 94, 48, 67, 74, 73, 92, 27, 51, 5, 99, 47, 60, 52, 34, 15, 19, 28, 77, 16, 80, 86, 77, 30, 92, 41, 92, 68, 37, 11, 86, 92, 40, 67, 27, 42, 11, 24, 57, 73, 17, 48, 66, 33, 35, 10, 23, 67, 12, 45, 45, 44, 8, 36, 56]', '[28, 37, 14, 22, 12, 4, 29, 12, 33, 43, 24, 19, 15, 47, 3, 44, 39, 24, 8, 10, 47, 28, 22, 30, 48, 41, 29, 12, 39, 34, 7, 46, 26, 26, 29, 9, 2, 38, 12, 4, 30, 10, 5, 25, 5, 22, 27, 28, 17, 44, 11, 46, 40, 41, 18, 36, 37, 14, 28, 26, 45, 49, 36, 49, 8, 5, 39, 26, 5, 43, 40, 49, 3, 44, 22, 26, 16, 9, 38, 28, 23, 43, 14, 27, 32, 22, 13, 21, 4, 12, 35, 2, 34, 26, 23, 28]', '[73, 41, 52, 46, 96, 90, 72, 93, 90, 36, 38, 79, 68, 92, 16, 65, 40, 61, 14, 70, 34, 59, 40, 5, 53, 47, 23, 85, 99, 36, 35, 47, 73, 9, 89, 32, 24, 33, 77, 8, 81, 87, 32, 99, 47, 81, 16, 60, 88, 65, 38, 7, 33, 82, 68, 85, 10, 47, 38, 24, 15, 38, 75, 90, 76, 61, 78, 71, 65, 5, 31, 81, 78, 45, 88, 16, 24, 38, 14, 88, 13, 69, 4, 10, 26, 83, 38, 51, 80, 41, 79, 80, 96, 33, 51, 53]', '2021-05-27'),
(22, '[7, 23, 65, 34, 97, 30, 65, 36, 77, 81, 83, 50, 10, 76, 25, 32, 43, 22, 79, 5, 45, 52, 93, 60, 32, 83, 17, 66, 70, 89, 86, 40, 77, 74, 44, 69, 35, 59, 3, 59, 33, 14, 20, 37, 43, 95, 55, 38, 61, 34, 83, 76, 44, 37, 96, 42, 98, 56, 78, 32, 9, 21, 13, 7, 98, 38, 20, 99, 83, 59, 17, 82, 57, 51, 27, 32, 84, 3, 30, 87, 72, 23, 44, 25, 97, 47, 62, 3, 67, 85, 25, 41, 49, 34, 22, 6]', '[26, 49, 20, 3, 45, 30, 47, 44, 13, 6, 42, 30, 44, 31, 36, 30, 33, 41, 15, 47, 24, 24, 31, 5, 10, 30, 33, 10, 33, 24, 32, 49, 14, 6, 11, 9, 3, 21, 35, 20, 47, 29, 21, 27, 39, 1, 7, 32, 23, 36, 32, 7, 4, 35, 14, 17, 21, 49, 2, 40, 18, 47, 16, 11, 32, 2, 38, 9, 8, 23, 47, 3, 28, 39, 16, 11, 24, 22, 28, 37, 41, 25, 8, 21, 26, 14, 39, 5, 26, 13, 15, 31, 8, 8, 42, 8]', '[41, 29, 55, 80, 25, 73, 78, 89, 77, 68, 78, 42, 92, 30, 26, 73, 91, 23, 5, 71, 34, 74, 14, 30, 48, 28, 86, 52, 99, 11, 30, 7, 6, 97, 82, 26, 1, 70, 35, 2, 21, 85, 40, 61, 28, 91, 91, 10, 93, 21, 74, 46, 27, 31, 71, 12, 42, 38, 13, 45, 16, 56, 4, 74, 100, 74, 73, 20, 21, 49, 2, 37, 96, 58, 96, 48, 34, 7, 72, 35, 3, 5, 29, 51, 77, 65, 8, 31, 47, 94, 24, 54, 25, 30, 16, 30]', '2021-05-27'),
(23, '[91, 67, 4, 49, 27, 36, 42, 95, 87, 95, 27, 82, 21, 85, 84, 35, 53, 86, 64, 23, 64, 87, 28, 74, 98, 22, 71, 54, 33, 72, 9, 34, 35, 92, 56, 52, 88, 60, 49, 12, 1, 24, 95, 21, 84, 71, 78, 91, 82, 24, 45, 89, 72, 56, 20, 54, 88, 65, 13, 3, 37, 48, 22, 18, 56, 43, 58, 54, 92, 22, 90, 7, 72, 56, 11, 95, 2, 18, 74, 76, 52, 16, 10, 12, 92, 36, 65, 11, 94, 71, 77, 70, 84, 95, 84, 16]', '[27, 48, 28, 44, 25, 19, 49, 2, 49, 37, 42, 17, 13, 34, 4, 6, 4, 27, 18, 23, 39, 35, 42, 11, 5, 32, 23, 42, 35, 36, 11, 5, 23, 10, 34, 31, 47, 14, 7, 37, 47, 10, 23, 19, 23, 10, 29, 18, 47, 39, 15, 27, 35, 22, 15, 45, 9, 15, 49, 5, 9, 36, 38, 24, 31, 14, 16, 40, 48, 3, 19, 22, 39, 40, 22, 3, 46, 20, 22, 8, 14, 9, 9, 47, 3, 31, 18, 5, 12, 28, 39, 8, 24, 3, 11, 29]', '[36, 17, 18, 13, 40, 71, 95, 51, 37, 40, 98, 56, 24, 15, 59, 2, 21, 54, 5, 89, 17, 71, 71, 62, 31, 99, 31, 19, 1, 26, 36, 4, 10, 90, 34, 6, 66, 63, 43, 91, 79, 15, 61, 61, 79, 66, 63, 68, 89, 21, 27, 98, 86, 66, 99, 33, 31, 24, 25, 92, 97, 33, 88, 53, 40, 68, 62, 5, 69, 82, 5, 7, 34, 13, 39, 22, 29, 32, 21, 64, 80, 13, 80, 61, 24, 8, 54, 80, 46, 99, 75, 83, 44, 86, 66, 28]', '2021-05-27'),
(24, '[65, 8, 15, 67, 93, 100, 45, 90, 24, 97, 23, 67, 20, 93, 36, 76, 40, 27, 16, 11, 36, 100, 68, 88, 39, 54, 42, 84, 6, 62, 36, 46, 29, 43, 44, 74, 67, 84, 24, 83, 27, 26, 34, 25, 50, 31, 85, 94, 69, 61, 73, 53, 90, 67, 14, 88, 52, 4, 89, 32, 76, 9, 90, 28, 2, 87, 9, 57, 79, 96, 86, 9, 34, 11, 10, 28, 52, 18, 92, 41, 66, 33, 82, 62, 4, 2, 93, 29, 18, 20, 53, 62, 76, 7, 64, 73]', '[9, 3, 32, 41, 17, 18, 11, 45, 23, 18, 44, 34, 17, 40, 28, 21, 2, 29, 18, 10, 6, 6, 18, 5, 36, 19, 44, 48, 36, 41, 15, 2, 12, 37, 39, 15, 40, 43, 6, 14, 2, 12, 21, 48, 40, 34, 47, 26, 16, 36, 38, 47, 22, 49, 43, 37, 32, 45, 3, 13, 32, 38, 32, 17, 8, 42, 2, 35, 13, 21, 23, 18, 35, 13, 48, 16, 32, 13, 10, 4, 13, 26, 46, 18, 33, 32, 8, 38, 2, 41, 50, 39, 35, 11, 38, 35]', '[58, 8, 20, 91, 33, 43, 20, 89, 31, 70, 56, 49, 80, 41, 7, 90, 67, 88, 60, 46, 18, 77, 52, 98, 88, 95, 68, 50, 69, 96, 48, 47, 97, 30, 10, 63, 5, 52, 34, 76, 12, 94, 37, 83, 43, 73, 24, 32, 80, 45, 61, 86, 50, 85, 19, 42, 22, 43, 17, 79, 48, 43, 26, 16, 27, 54, 78, 95, 81, 50, 49, 65, 70, 72, 19, 98, 2, 16, 28, 66, 78, 27, 44, 68, 18, 40, 18, 45, 95, 34, 67, 37, 10, 67, 6, 82]', '2021-05-27'),
(25, '[64, 69, 88, 99, 96, 41, 51, 18, 15, 96, 37, 81, 89, 53, 52, 55, 16, 3, 46, 50, 19, 1, 96, 61, 60, 45, 17, 36, 53, 79, 10, 99, 81, 15, 42, 46, 68, 28, 99, 39, 12, 46, 71, 4, 94, 81, 16, 92, 89, 95, 43, 52, 13, 88, 67, 92, 45, 37, 15, 50, 57, 9, 19, 31, 99, 63, 56, 40, 30, 75, 55, 1, 56, 54, 69, 5, 94, 62, 96, 24, 50, 71, 4, 76, 90, 55, 17, 63, 32, 25, 88, 47, 14, 96, 24, 69]', '[30, 10, 36, 21, 3, 20, 14, 41, 7, 27, 30, 12, 12, 49, 40, 46, 36, 19, 48, 18, 28, 3, 41, 13, 20, 22, 41, 7, 5, 23, 45, 16, 31, 49, 7, 20, 30, 27, 45, 35, 41, 3, 39, 47, 40, 23, 23, 47, 19, 20, 40, 44, 38, 16, 38, 45, 25, 48, 33, 17, 6, 49, 10, 11, 34, 22, 3, 23, 35, 26, 33, 44, 3, 44, 3, 13, 45, 3, 22, 43, 2, 28, 17, 10, 35, 22, 22, 36, 32, 47, 31, 5, 36, 47, 32, 41]', '[59, 38, 82, 1, 2, 47, 96, 91, 86, 80, 5, 90, 16, 67, 40, 45, 73, 20, 14, 92, 34, 9, 79, 47, 60, 50, 72, 28, 80, 93, 95, 21, 18, 64, 90, 59, 40, 24, 36, 39, 100, 72, 23, 43, 37, 6, 3, 89, 19, 43, 6, 62, 22, 20, 58, 74, 96, 31, 40, 77, 77, 63, 9, 25, 56, 78, 48, 16, 11, 24, 54, 55, 24, 4, 61, 44, 20, 63, 98, 79, 80, 4, 83, 17, 97, 54, 87, 73, 10, 93, 38, 56, 2, 70, 31, 80]', '2021-05-27'),
(26, '[67, 17, 87, 25, 81, 75, 66, 33, 24, 12, 96, 27, 92, 36, 54, 20, 2, 77, 48, 19, 74, 56, 49, 90, 26, 16, 8, 62, 90, 42, 17, 42, 23, 91, 36, 24, 14, 50, 17, 85, 42, 90, 74, 90, 33, 5, 27, 79, 96, 86, 18, 28, 31, 90, 72, 51, 3, 96, 15, 97, 39, 77, 11, 5, 42, 40, 92, 99, 23, 66, 65, 69, 1, 31, 70, 42, 25, 23, 91, 25, 35, 89, 94, 78, 51, 35, 68, 64, 47, 10, 93, 7, 15, 89, 18, 51]', '[10, 4, 29, 41, 38, 31, 21, 47, 32, 21, 8, 34, 6, 30, 6, 26, 4, 46, 26, 40, 35, 39, 21, 30, 23, 29, 47, 29, 25, 42, 43, 7, 26, 27, 9, 38, 3, 7, 39, 42, 25, 4, 45, 30, 45, 39, 49, 28, 8, 34, 33, 2, 18, 48, 12, 18, 46, 41, 38, 28, 36, 22, 10, 29, 19, 46, 18, 49, 19, 10, 45, 23, 47, 40, 25, 33, 37, 46, 27, 40, 32, 14, 37, 48, 44, 14, 1, 13, 36, 11, 12, 9, 15, 36, 45, 12]', '[60, 85, 55, 85, 60, 11, 30, 34, 73, 16, 49, 97, 20, 38, 72, 88, 54, 71, 26, 68, 6, 1, 65, 9, 74, 88, 59, 20, 46, 15, 46, 2, 12, 91, 79, 4, 29, 43, 85, 11, 98, 31, 51, 23, 53, 92, 41, 68, 15, 10, 24, 1, 67, 8, 35, 68, 89, 2, 4, 96, 48, 84, 63, 87, 81, 28, 73, 31, 58, 89, 20, 24, 53, 82, 52, 17, 34, 15, 39, 86, 4, 86, 4, 82, 27, 40, 95, 52, 86, 28, 35, 39, 82, 95, 37, 79]', '2021-05-27'),
(27, '[44, 40, 11, 3, 56, 7, 97, 39, 15, 39, 51, 94, 36, 31, 19, 8, 82, 72, 92, 61, 69, 85, 5, 17, 85, 15, 23, 74, 41, 19, 81, 77, 73, 29, 49, 65, 53, 20, 96, 53, 31, 32, 55, 92, 36, 28, 70, 3, 80, 19, 59, 50, 58, 9, 97, 82, 6, 64, 2, 5, 5, 89, 45, 72, 4, 27, 23, 9, 4, 14, 30, 79, 8, 35, 8, 86, 56, 65, 5, 58, 19, 52, 81, 39, 28, 98, 74, 90, 47, 85, 61, 6, 2, 71, 96, 92]', '[46, 17, 29, 10, 41, 34, 21, 15, 42, 16, 38, 46, 42, 41, 31, 13, 11, 49, 4, 26, 2, 26, 40, 50, 19, 49, 18, 5, 2, 49, 29, 24, 29, 24, 8, 29, 4, 36, 5, 20, 19, 29, 11, 3, 20, 5, 38, 24, 31, 23, 9, 1, 47, 26, 47, 36, 7, 2, 42, 31, 8, 15, 14, 5, 18, 14, 28, 5, 31, 9, 10, 49, 3, 20, 5, 39, 12, 13, 10, 38, 3, 28, 3, 3, 7, 9, 22, 45, 5, 2, 5, 17, 1, 38, 12, 47]', '[9, 98, 34, 12, 27, 11, 72, 4, 16, 48, 51, 33, 35, 20, 43, 58, 64, 85, 35, 53, 4, 40, 74, 12, 9, 15, 9, 60, 23, 95, 5, 36, 37, 24, 19, 69, 68, 43, 74, 78, 47, 96, 6, 96, 78, 3, 44, 99, 63, 26, 93, 17, 85, 47, 92, 2, 90, 80, 41, 3, 49, 34, 84, 86, 77, 32, 61, 20, 52, 82, 21, 92, 22, 15, 62, 65, 78, 95, 31, 55, 40, 81, 11, 38, 19, 39, 49, 7, 94, 47, 41, 3, 88, 84, 6, 81]', '2021-05-27'),
(28, '[30, 27, 85, 8, 23, 39, 93, 17, 27, 36, 38, 40, 76, 83, 42, 48, 84, 23, 86, 78, 38, 93, 52, 23, 82, 9, 97, 14, 4, 89, 45, 92, 22, 36, 38, 83, 47, 51, 19, 80, 51, 67, 91, 15, 50, 20, 98, 42, 6, 75, 6, 14, 80, 89, 2, 85, 53, 52, 58, 9, 73, 32, 8, 98, 69, 77, 55, 72, 10, 3, 19, 53, 52, 60, 6, 9, 17, 57, 22, 8, 41, 88, 32, 95, 50, 15, 76, 65, 14, 18, 97, 21, 83, 88, 62, 90]', '[6, 4, 31, 1, 40, 41, 5, 47, 38, 25, 37, 26, 25, 49, 35, 21, 49, 35, 7, 48, 6, 42, 24, 10, 30, 19, 16, 25, 49, 13, 41, 2, 46, 35, 48, 25, 46, 17, 50, 32, 48, 39, 48, 48, 13, 6, 25, 37, 12, 17, 24, 11, 38, 38, 27, 4, 4, 30, 39, 19, 32, 47, 19, 17, 18, 6, 18, 35, 15, 49, 26, 34, 5, 24, 42, 15, 10, 35, 19, 32, 14, 41, 16, 10, 11, 27, 24, 15, 46, 20, 30, 31, 25, 38, 33, 47]', '[5, 55, 75, 40, 46, 45, 99, 59, 83, 33, 93, 62, 37, 6, 35, 8, 88, 55, 74, 58, 95, 92, 38, 82, 34, 2, 22, 51, 97, 57, 65, 69, 8, 41, 97, 97, 68, 23, 12, 10, 97, 72, 4, 43, 36, 29, 98, 75, 6, 40, 3, 51, 20, 96, 21, 66, 17, 92, 15, 71, 14, 63, 69, 36, 53, 27, 10, 32, 52, 67, 40, 94, 8, 55, 45, 88, 68, 58, 91, 11, 25, 58, 55, 70, 9, 61, 2, 99, 57, 64, 42, 27, 55, 67, 46, 16]', '2021-05-27');

-- --------------------------------------------------------

--
-- Estructura de tabla para la tabla `user`
--

CREATE TABLE `user` (
  `id` int(11) NOT NULL,
  `username` varchar(50) CHARACTER SET latin1 COLLATE latin1_general_ci NOT NULL,
  `password` varchar(255) CHARACTER SET latin1 NOT NULL,
  `email` varchar(50) CHARACTER SET latin1 NOT NULL,
  `role` enum('USER','ADMIN') CHARACTER SET latin1 NOT NULL DEFAULT 'USER',
  `type` enum('USER','COMPANY') NOT NULL DEFAULT 'USER',
  `lastLogin` timestamp NULL DEFAULT CURRENT_TIMESTAMP
) ENGINE=InnoDB DEFAULT CHARSET=utf8;

--
-- Volcado de datos para la tabla `user`
--

INSERT INTO `user` (`id`, `username`, `password`, `email`, `role`, `type`, `lastLogin`) VALUES
(1, 'user', '$2y$10$jJzjh6E1f1LDsqzH6dzzyOX5yBDOjQdk3axSoBdsDoQxkS9oUmpDy', 'user@gmail.com', 'USER', 'USER', '2021-05-03 07:35:24'),
(2, 'admin', '$2y$10$jJzjh6E1f1LDsqzH6dzzyOX5yBDOjQdk3axSoBdsDoQxkS9oUmpDy', 'admin@admin.es', 'ADMIN', 'USER', '2021-05-03 07:37:41'),
(3, 'AdriTur', '$2y$10$ee5XpAo.tPeAe1jBKL1EwuxSQkmkkzwLU44fwoUkC7eO33udoUUOC', 'adria.tur.rubio@gmail.com', 'USER', 'USER', '2021-05-13 14:07:44'),
(4, 'Maria_Hernandez', '$2y$10$jJzjh6E1f1LDsqzH6dzzyOX5yBDOjQdk3axSoBdsDoQxkS9oUmpDy', 'maria.hernandez@gmail.com', 'USER', 'COMPANY', '2021-06-04 07:42:03'),
(5, 'Eusebio_Ballester', '$2y$10$jJzjh6E1f1LDsqzH6dzzyOX5yBDOjQdk3axSoBdsDoQxkS9oUmpDy', 'eusebio.bataller@gmail.com', 'USER', 'USER', '2021-06-04 07:44:39'),
(6, 'Sara_Llorca', '$2y$10$jJzjh6E1f1LDsqzH6dzzyOX5yBDOjQdk3axSoBdsDoQxkS9oUmpDy', 'sara.llorca@gmail.com', 'USER', 'USER', '2021-06-04 07:46:31'),
(7, 'German_Lopez', '$2y$10$jJzjh6E1f1LDsqzH6dzzyOX5yBDOjQdk3axSoBdsDoQxkS9oUmpDy', 'german.lopez@gmail.com', 'USER', 'USER', '2021-06-04 07:47:08');

-- --------------------------------------------------------

--
-- Estructura de tabla para la tabla `user_info`
--

CREATE TABLE `user_info` (
  `userID` int(11) NOT NULL,
  `dni` varchar(9) CHARACTER SET latin1 NOT NULL,
  `name` varchar(30) CHARACTER SET utf8 COLLATE utf8_spanish_ci NOT NULL,
  `surname` varchar(100) CHARACTER SET utf8 COLLATE utf8_spanish_ci NOT NULL,
  `address` varchar(255) CHARACTER SET utf8 COLLATE utf8_spanish_ci NOT NULL,
  `phone` varchar(15) CHARACTER SET latin1 NOT NULL,
  `registerDate` timestamp NOT NULL DEFAULT CURRENT_TIMESTAMP
) ENGINE=InnoDB DEFAULT CHARSET=utf8;

--
-- Volcado de datos para la tabla `user_info`
--

INSERT INTO `user_info` (`userID`, `dni`, `name`, `surname`, `address`, `phone`, `registerDate`) VALUES
(1, '92802077K', 'Joseba', 'Jiménez García', 'Av de la Mar, nº137', '969 18 31 82', '2021-06-04 07:29:08'),
(2, '28574055M', 'Carlos', 'Herrero Martínez', 'Carrer de Xátiva, nº89', '968 36 39 39', '2021-06-04 07:35:29'),
(3, '20960381K', 'Adrián', 'Tur Rubio', 'Sants de la Pedra, nº61', '661003285', '2021-06-04 07:32:38'),
(4, '26724269V', 'María', 'Hernández Albelda', 'Carrer Ferrocaril d\'Alcoy, nº 45', '963 37 92 15', '2021-06-04 07:51:03'),
(5, '24697444K', 'Eusebio', 'Ballester Torres', 'Av. del Grau, nº79', '961 15 84 01', '2021-06-04 07:53:01'),
(6, '25470937R', 'Sara', 'Llorca Palmier', 'Carrer d\'Oscar Esplà, nº52', '961 60 48 61', '2021-06-04 07:55:32'),
(7, '24667062E', 'Germán', 'López Fernández', 'Calle Jaume II, nº64', '960 04 27 91', '2021-06-04 07:56:51');

-- --------------------------------------------------------

--
-- Estructura de tabla para la tabla `user_recovery`
--

CREATE TABLE `user_recovery` (
  `userID` int(11) NOT NULL,
  `token` varchar(128) NOT NULL,
  `expiration_time` timestamp NULL DEFAULT NULL
) ENGINE=InnoDB DEFAULT CHARSET=utf8;

--
-- Volcado de datos para la tabla `user_recovery`
--

INSERT INTO `user_recovery` (`userID`, `token`, `expiration_time`) VALUES
(1, '7b722b33ed1f19a353ea94181bc51120e6ff8591146aee9f4e41283761901813f9a620575d8d2eaa1d4f39de8b74288029a50e0c9c35e8ef836be13340dce995', '2021-06-18 19:05:08');

--
-- Índices para tablas volcadas
--

--
-- Indices de la tabla `field`
--
ALTER TABLE `field`
  ADD PRIMARY KEY (`id`),
  ADD KEY `FK_USERFIELD` (`owner`);

--
-- Indices de la tabla `inquiries`
--
ALTER TABLE `inquiries`
  ADD PRIMARY KEY (`id`);

--
-- Indices de la tabla `plot`
--
ALTER TABLE `plot`
  ADD PRIMARY KEY (`id`),
  ADD KEY `FK_FIELDPLOT` (`fieldID`);

--
-- Indices de la tabla `probe`
--
ALTER TABLE `probe`
  ADD PRIMARY KEY (`id`),
  ADD KEY `FK_PLOTPROBE` (`plotID`);

--
-- Indices de la tabla `probe_history`
--
ALTER TABLE `probe_history`
  ADD PRIMARY KEY (`probeID`,`date`) USING BTREE;

--
-- Indices de la tabla `user`
--
ALTER TABLE `user`
  ADD PRIMARY KEY (`id`),
  ADD UNIQUE KEY `username` (`username`);

--
-- Indices de la tabla `user_info`
--
ALTER TABLE `user_info`
  ADD PRIMARY KEY (`userID`);

--
-- Indices de la tabla `user_recovery`
--
ALTER TABLE `user_recovery`
  ADD PRIMARY KEY (`userID`);

--
-- AUTO_INCREMENT de las tablas volcadas
--

--
-- AUTO_INCREMENT de la tabla `field`
--
ALTER TABLE `field`
  MODIFY `id` int(11) NOT NULL AUTO_INCREMENT, AUTO_INCREMENT=3;

--
-- AUTO_INCREMENT de la tabla `inquiries`
--
ALTER TABLE `inquiries`
  MODIFY `id` int(11) NOT NULL AUTO_INCREMENT, AUTO_INCREMENT=5;

--
-- AUTO_INCREMENT de la tabla `plot`
--
ALTER TABLE `plot`
  MODIFY `id` int(11) NOT NULL AUTO_INCREMENT, AUTO_INCREMENT=11;

--
-- AUTO_INCREMENT de la tabla `probe`
--
ALTER TABLE `probe`
  MODIFY `id` int(11) NOT NULL AUTO_INCREMENT, AUTO_INCREMENT=29;

--
-- AUTO_INCREMENT de la tabla `user`
--
ALTER TABLE `user`
  MODIFY `id` int(11) NOT NULL AUTO_INCREMENT, AUTO_INCREMENT=8;

--
-- Restricciones para tablas volcadas
--

--
-- Filtros para la tabla `field`
--
ALTER TABLE `field`
  ADD CONSTRAINT `FK_USERFIELD` FOREIGN KEY (`owner`) REFERENCES `user` (`username`) ON DELETE CASCADE ON UPDATE NO ACTION;

--
-- Filtros para la tabla `plot`
--
ALTER TABLE `plot`
  ADD CONSTRAINT `FK_FIELDPLOT` FOREIGN KEY (`fieldID`) REFERENCES `field` (`id`) ON DELETE CASCADE ON UPDATE NO ACTION;

--
-- Filtros para la tabla `probe`
--
ALTER TABLE `probe`
  ADD CONSTRAINT `FK_PLOTPROBE` FOREIGN KEY (`plotID`) REFERENCES `plot` (`id`) ON DELETE CASCADE ON UPDATE NO ACTION;

--
-- Filtros para la tabla `probe_history`
--
ALTER TABLE `probe_history`
  ADD CONSTRAINT `FK_HPROBE` FOREIGN KEY (`probeID`) REFERENCES `probe` (`id`) ON DELETE CASCADE ON UPDATE NO ACTION;

--
-- Filtros para la tabla `user_info`
--
ALTER TABLE `user_info`
  ADD CONSTRAINT `FK_USERDATA` FOREIGN KEY (`userID`) REFERENCES `user` (`id`) ON DELETE CASCADE ON UPDATE NO ACTION;

--
-- Filtros para la tabla `user_recovery`
--
ALTER TABLE `user_recovery`
  ADD CONSTRAINT `FK_USERRECOVERY` FOREIGN KEY (`userID`) REFERENCES `user` (`id`) ON DELETE CASCADE ON UPDATE NO ACTION;
COMMIT;

/*!40101 SET CHARACTER_SET_CLIENT=@OLD_CHARACTER_SET_CLIENT */;
/*!40101 SET CHARACTER_SET_RESULTS=@OLD_CHARACTER_SET_RESULTS */;
/*!40101 SET COLLATION_CONNECTION=@OLD_COLLATION_CONNECTION */;
