-- phpMyAdmin SQL Dump
-- version 4.9.1
-- https://www.phpmyadmin.net/
--
-- Servidor: 127.0.0.1
-- Tiempo de generación: 28-05-2021 a las 11:53:41
-- Versión del servidor: 10.4.8-MariaDB
-- Versión de PHP: 7.3.11

SET SQL_MODE = "NO_AUTO_VALUE_ON_ZERO";
SET AUTOCOMMIT = 0;
START TRANSACTION;
SET time_zone = "+00:00";


/*!40101 SET @OLD_CHARACTER_SET_CLIENT=@@CHARACTER_SET_CLIENT */;
/*!40101 SET @OLD_CHARACTER_SET_RESULTS=@@CHARACTER_SET_RESULTS */;
/*!40101 SET @OLD_COLLATION_CONNECTION=@@COLLATION_CONNECTION */;
/*!40101 SET NAMES utf8mb4 */;

--
-- Base de datos: `grupo9`
--

-- --------------------------------------------------------

--
-- Estructura de tabla para la tabla `field`
--

CREATE TABLE `field` (
  `id` int(11) NOT NULL,
  `owner` varchar(50) COLLATE latin1_general_ci NOT NULL,
  `location` text COLLATE latin1_general_ci NOT NULL,
  `m2` int(11) NOT NULL DEFAULT 0
) ENGINE=InnoDB DEFAULT CHARSET=latin1 COLLATE=latin1_general_ci;

--
-- Volcado de datos para la tabla `field`
--

INSERT INTO `field` (`id`, `owner`, `location`, `m2`) VALUES
(1, 'user', '[{\"lat\":\"38.969692\",\"lng\":\"-0.165704\"},{\"lat\":\"38.970636\",\"lng\":\"-0.163448\"},{\"lat\":\"38.969723\",\"lng\":\"-0.162777\"},{\"lat\":\"38.968808\",\"lng\":\"-0.164984\"}]', 0),
(2, 'AdriTur', '[{\"lat\":\"38.985719\",\"lng\":\"-0.190415\"},\r\n{\"lat\":\"38.986814\",\"lng\":\"-0.188155\"},\r\n{\"lat\":\"38.986344\",\"lng\":\"-0.187105\"},\r\n{\"lat\":\"38.985418\",\"lng\":\"-0.186767\"},\r\n{\"lat\":\"38.984776\",\"lng\":\"-0.188521\"},\r\n{\"lat\":\"38.984363\",\"lng\":\"-0.188333\"},\r\n{\"lat\":\"38.983972\",\"lng\":\"-0.189368\"}]', 0);

-- --------------------------------------------------------

--
-- Estructura de tabla para la tabla `inquiries`
--

CREATE TABLE `inquiries` (
  `id` int(11) NOT NULL,
  `name` varchar(30) CHARACTER SET utf8 COLLATE utf8_spanish_ci NOT NULL,
  `surname` varchar(60) CHARACTER SET utf8 COLLATE utf8_spanish_ci NOT NULL,
  `email` varchar(50) CHARACTER SET utf8 COLLATE utf8_spanish_ci NOT NULL,
  `message` text CHARACTER SET utf8 COLLATE utf8_spanish_ci NOT NULL,
  `date` timestamp NULL DEFAULT current_timestamp()
) ENGINE=InnoDB DEFAULT CHARSET=utf8;

--
-- Volcado de datos para la tabla `inquiries`
--

INSERT INTO `inquiries` (`id`, `name`, `surname`, `email`, `message`, `date`) VALUES
(1, 'asdadasd', 'adasdad', 'asdasdad', 'adsdasdasd', '2021-05-14 08:41:30'),
(2, 'csadasds', 'sadasdasdasda', 'asdasdsad', 'asdasdsad', '2021-05-14 08:43:51'),
(3, 'asdasdasd', 'adasdsad', 'asdadasd', 'asdasdasd', '2021-05-14 08:43:57'),
(4, 'csadasds', 'sdad', 'sadas', 'adsdada', '2021-05-14 08:44:03');

-- --------------------------------------------------------

--
-- Estructura de tabla para la tabla `plot`
--

CREATE TABLE `plot` (
  `id` int(11) NOT NULL,
  `fieldID` int(11) NOT NULL,
  `location` text COLLATE latin1_general_ci NOT NULL,
  `qty_probes` int(11) NOT NULL DEFAULT 0,
  `m2` int(11) NOT NULL DEFAULT 0
) ENGINE=InnoDB DEFAULT CHARSET=latin1 COLLATE=latin1_general_ci;

--
-- Volcado de datos para la tabla `plot`
--

INSERT INTO `plot` (`id`, `fieldID`, `location`, `qty_probes`, `m2`) VALUES
(1, 1, '[\r\n{\"lat\":\"38.970107\",\"lng\":\"-0.164718\"},\r\n{\"lat\":\"38.970013\",\"lng\":\"-0.164927\"},\r\n{\"lat\":\"38.969429\",\"lng\":\"-0.164479\"},\r\n{\"lat\":\"38.969546\",\"lng\":\"-0.164248\"}\r\n]\r\n\r\n', 0, 0),
(2, 1, '[\r\n{\"lat\":\"38.970113\",\"lng\":\"-0.164708\"},\r\n{\"lat\":\"38.970646\",\"lng\":\"-0.163450 \"},\r\n{\"lat\":\"38.970048\",\"lng\":\"-0.162997 \"},\r\n{\"lat\":\"38.969543\",\"lng\":\"-0.164233\"}\r\n]', 0, 0),
(3, 1, '[\r\n{\"lat\":\"38.969424\",\"lng\":\"-0.164493\"},\r\n{\"lat\":\"38.970048\",\"lng\":\"-0.162996\"},\r\n{\"lat\":\"38.969723\",\"lng\":\"-0.162781\"},\r\n{\"lat\":\"38.969087\",\"lng\":\"-0.164264\"}\r\n]', 0, 0),
(4, 1, '[\r\n{\"lat\":\"38.969704\",\"lng\":\"-0.165696\"},\r\n{\"lat\":\"38.969888\",\"lng\":\"-0.165267\"},\r\n{\"lat\":\"38.969617\",\"lng\":\"-0.165074\"},\r\n{\"lat\":\"38.969440\",\"lng\":\"-0.165484\"}\r\n]', 0, 0),
(5, 1, '[\r\n{\"lat\":\"38.969440\",\"lng\":\"-0.165484\"},\r\n{\"lat\":\"38.969617\",\"lng\":\"-0.165074\"},\r\n{\"lat\":\"38.969325\",\"lng\":\"-0.164864\"},\r\n{\"lat\":\"38.969162\",\"lng\":\"-0.165272\"}\r\n]', 0, 0),
(6, 1, '[\r\n{\"lat\":\"38.969888\",\"lng\":\"-0.165267\"},\r\n{\"lat\":\"38.970011\",\"lng\":\"-0.164923\"},\r\n{\"lat\":\"38.969081\",\"lng\":\"-0.164274\"},\r\n{\"lat\":\"38.968802\",\"lng\":\"-0.164996\"},\r\n{\"lat\":\"38.969117\",\"lng\":\"-0.165232\"},\r\n{\"lat\":\"38.969296\",\"lng\":\"-0.164832\"}\r\n]', 0, 0),
(7, 2, '[{\"lat\":\"38.985719\",\"lng\":\"-0.190415\"},\r\n{\"lat\":\"38.986256\",\"lng\":\"-0.189408\"},\r\n{\"lat\":\"38.984367\",\"lng\":\"-0.188339\"},\r\n{\"lat\":\"38.983987\",\"lng\":\"-0.189388\"}\r\n]', 0, 0),
(8, 2, '[{\"lat\":\"38.985444\",\"lng\":\"-0.188926\"},\r\n{\"lat\":\"38.98576\",\"lng\":\"-0.187955\"},\r\n{\"lat\":\"38.985113\",\"lng\":\"-0.187624\"},\r\n{\"lat\":\"38.984785\",\"lng\":\"-0.188545\"}\r\n]', 0, 0),
(9, 2, '[{\"lat\":\"38.985932\",\"lng\":\"-0.188014\"},\r\n{\"lat\":\"38.986157\",\"lng\":\"-0.187043\"},\r\n{\"lat\":\"38.985440\",\"lng\":\"-0.186775\"},\r\n{\"lat\":\"38.985111\",\"lng\":\"-0.187633\"}\r\n]', 0, 0),
(10, 2, '[{\"lat\":\"38.986547\",\"lng\":\"-0.188804\"},\r\n{\"lat\":\"38.986711\",\"lng\":\"-0.188109\"},\r\n{\"lat\":\"38.986315\",\"lng\":\"-0.187540\"},\r\n{\"lat\":\"38.986182\",\"lng\":\"-0.188001\"},\r\n{\"lat\":\"38.986474\",\"lng\":\"-0.188264\"},\r\n{\"lat\":\"38.986374\",\"lng\":\"-0.188725\"}\r\n]', 0, 0);

-- --------------------------------------------------------

--
-- Estructura de tabla para la tabla `probe`
--

CREATE TABLE `probe` (
  `id` int(11) NOT NULL,
  `plotID` int(11) NOT NULL,
  `location` text COLLATE latin1_general_ci NOT NULL,
  `humidity` int(11) NOT NULL DEFAULT 0,
  `temperature` float NOT NULL DEFAULT 0,
  `salinity` float NOT NULL DEFAULT 0,
  `luminity` float NOT NULL DEFAULT 0,
  `lastUpdate` timestamp NOT NULL DEFAULT '0000-00-00 00:00:00' ON UPDATE current_timestamp()
) ENGINE=InnoDB DEFAULT CHARSET=latin1 COLLATE=latin1_general_ci;

--
-- Volcado de datos para la tabla `probe`
--

INSERT INTO `probe` (`id`, `plotID`, `location`, `humidity`, `temperature`, `salinity`, `luminity`, `lastUpdate`) VALUES
(1, 1, '[{\"lat\":\"38.969969\",\"lng\":\"-0.164740\"}]', 50, 29, 70, 0, '2021-05-14 08:46:20'),
(2, 1, '[{\"lat\":\"38.969793\",\"lng\":\"-0.164604\"}]', 57, 29, 71, 0, '2021-05-14 08:46:38'),
(3, 1, '[{\"lat\":\"38.969607\",\"lng\":\"-0.164462\"}]', 53, 28, 68, 0, '2021-05-14 08:46:57'),
(4, 2, '[{\"lat\":\"38.970107\",\"lng\":\"-0.164199\"}]', 55, 30, 72, 0, '2021-05-14 08:47:15'),
(5, 2, '[{\"lat\":\"38.970293\",\"lng\":\"-0.163754\"}]', 52, 29, 71, 0, '2021-05-14 08:47:29'),
(6, 2, '[{\"lat\":\"38.969815\",\"lng\":\"-0.164014\"}]', 70, 29, 72, 0, '2021-05-14 08:47:50'),
(7, 2, '[{\"lat\":\"38.970032\",\"lng\":\"-0.163443\"}]', 53, 26, 76, 0, '2021-05-14 08:48:07'),
(8, 3, '[{\"lat\":\"38.969413\",\"lng\":\"-0.164012\"}]', 49, 31, 74, 0, '2021-05-14 08:48:27'),
(9, 3, '[{\"lat\":\"38.969576\",\"lng\":\"-0.163645\"}]', 48, 27, 71, 0, '2021-05-14 08:48:42'),
(11, 3, '[{\"lat\":\"38.969709\",\"lng\":\"-0.163296\"}]', 53, 29, 70, 0, '2021-05-14 08:48:59'),
(12, 4, '[{\"lat\":\"38.969668\",\"lng\":\"-0.165376\"}]', 47, 34, 79, 0, '2021-05-14 08:50:15'),
(13, 5, '[{\"lat\":\"38.969376\",\"lng\":\"-0.165175\"}]', 56, 29, 74, 0, '2021-05-14 08:50:39'),
(14, 6, '[{\"lat\":\"38.969762\",\"lng\":\"-0.164950\"}]', 42, 34, 78, 0, '2021-05-14 08:50:57'),
(16, 6, '[{\"lat\":\"38.969428\",\"lng\":\"-0.164684\"}]', 34, 29, 70, 0, '2021-05-14 08:51:11'),
(17, 6, '[{\"lat\":\"38.969094\",\"lng\":\"-0.164711\"}]', 51, 32, 75, 0, '2021-05-14 08:51:32'),
(18, 7, '[{\"lat\":\"38.985650\",\"lng\":\"-0.189713\"}]', 49, 29, 69, 0, '2021-05-14 08:52:01'),
(19, 7, '[{\"lat\":\"38.985066\",\"lng\":\"-0.189354\"}]', 81, 34, 74, 0, '2021-05-14 08:52:31'),
(20, 7, '[{\"lat\":\"38.984649\",\"lng\":\"-0.189079\"}]', 55, 28, 67, 0, '2021-05-14 08:52:51'),
(21, 8, '[{\"lat\":\"38.985341\",\"lng\":\"-0.188575\"}]', 48, 29, 67, 0, '2021-05-14 08:53:06'),
(22, 8, '[{\"lat\":\"38.985486\",\"lng\":\"-0.188111\"}]', 54, 29, 72, 0, '2021-05-14 08:53:19'),
(23, 8, '[{\"lat\":\"38.985137\",\"lng\":\"-0.188436\"}]', 51, 26, 65, 0, '2021-05-14 08:53:37'),
(24, 8, '[{\"lat\":\"38.985208\",\"lng\":\"-0.187964\"}]', 45, 28, 72, 0, '2021-05-14 08:53:51'),
(25, 9, '[{\"lat\":\"38.985858\",\"lng\":\"-0.187411\"}]', 56, 32, 69, 0, '2021-05-14 08:54:06'),
(26, 9, '[{\"lat\":\"38.985483\",\"lng\":\"-0.187288\"}]', 54, 31, 70, 0, '2021-05-14 08:54:16'),
(27, 10, '[{\"lat\":\"38.986571\",\"lng\":\"-0.188441\"}]', 53, 29, 70, 0, '2021-05-14 08:54:27'),
(28, 10, '[{\"lat\":\"38.986413\",\"lng\":\"-0.187910\"}]', 51, 29, 70, 0, '2021-05-14 08:55:00');

-- --------------------------------------------------------

--
-- Estructura de tabla para la tabla `probe_history`
--

CREATE TABLE `probe_history` (
  `probeID` int(11) NOT NULL,
  `humidity` text NOT NULL,
  `temperature` text NOT NULL,
  `salinity` text NOT NULL,
  `date` date NOT NULL
) ENGINE=InnoDB DEFAULT CHARSET=utf8mb4;

--
-- Volcado de datos para la tabla `probe_history`
--

INSERT INTO `probe_history` (`probeID`, `humidity`, `temperature`, `salinity`, `date`) VALUES
(1, '[66,34,15,59,25,31,26,32,69,14,29,40,42,68,41,56,51,4,1,49,54,11,67,58,27,62,7,60,6,13,19,64,2,3,63,65,18,36,50,21,12,55,23,46,30,38,10,8,47,48,45,17,43,35,37,33,28,5,24,52,16,44,9,39,20,61,22,57,53]', '[35 ,46 ,38 ,31 ,1 ,29 ,45 ,36 ,12 ,14 ,25 ,17 ,22 ,21 ,40 ,11 ,10 ,34 ,2 ,44 ,13 ,42, 50 ,23 ,8 ,6 ,37 ,19 ,16 ,0 ,5 ,27 ,15 ,20 ,30 ,33 ,3 ,39 ,32 ,49 ,9 ,28 ,41 ,26 ,24 ,4 ,43 ,47 ,48, 7 ,18]', '[54 ,44 ,74 ,79 ,11 ,40 ,84 ,89 ,31 ,25 ,19 ,26 ,98 ,64 ,94 ,18 ,41 ,57 ,51 ,49 ,12 ,87 ,83 ,15 ,56 ,43 ,72 ,59 ,88 ,16 ,52 ,33 ,100 ,39 ,68 ,55 ,29 ,58 ,17 ,5 ,4 ,76 ,14 ,7 ,24 ,93 ,90 ,97 ,69 ,22 ,80 ,9 ,28 ,65 ,20 ,45 ,48 ,67 ,99 ,34 ,71 ,10 ,50 ,37 ,30 ,81 ,82 ,63 ,23 ,32 ,38 ,46 ,60 ,86 ,95 ,47 ,42 ,78 ,96 ,61 ,62 ,66 ,21 ,85 ,8 ,35 ,36 ,77 ,27 ,70 ,75 ,53 ,3 ,92 ,6 ,13]', '2021-05-27'),
(2, '[66 ,26 ,66 ,63 ,3 ,23 ,26 ,66 ,32 ,32 ,26 ,31 ,22 ,23 ,20 ,33 ,30 ,62 ,2 ,22 ,36 ,22, 60 ,26 ,6 ,6 ,61 ,33 ,36 ,0 ,6 ,21 ,36 ,20 ,60 ,66 ,6 ,63 ,62 ,23 ,3 ,26 ,23 ,26 ,22 ,2 ,26 ,21 ,26, 1 ,36]', '[44 ,26 ,48 ,41 ,1 ,21 ,24 ,46 ,12 ,12 ,24 ,17 ,22 ,21 ,20 ,11 ,10 ,42 ,2 ,22 ,14 ,22, 40 ,24 ,8 ,6 ,47 ,11 ,16 ,0 ,4 ,27 ,14 ,20 ,40 ,44 ,4 ,41 ,42 ,21 ,1 ,28 ,21 ,26 ,22 ,2 ,24 ,27 ,28, 7 ,18]', '[66 ,26 ,66 ,63 ,3 ,23 ,26 ,66 ,32 ,32 ,26 ,31 ,22 ,23 ,20 ,33 ,30 ,62 ,2 ,22 ,36 ,22, 60 ,26 ,6 ,6 ,61 ,33 ,36 ,0 ,6 ,21 ,36 ,20 ,60 ,66 ,6 ,63 ,62 ,23 ,3 ,26 ,23 ,26 ,22 ,2 ,26 ,21 ,26, 1 ,36]', '2021-05-27'),
(3, '[88 ,28 ,36 ,68 ,8 ,78 ,36 ,66 ,83 ,83 ,36 ,81 ,37 ,18 ,30 ,43 ,30 ,67 ,7 ,22 ,36 ,22, 30 ,23 ,3 ,41 ,11 ,33 ,24 ,0 ,4 ,21 ,39 ,20 ,90 ,96 ,9 ,93 ,62 ,23 ,3 ,56 ,53 ,13 ,14 ,4 ,43 ,41 ,23, 1 ,33]', '[48 ,28 ,36 ,38 ,8 ,18 ,36 ,46 ,23 ,33 ,36 ,31 ,37 ,18 ,30 ,43 ,30 ,17 ,7 ,22 ,36 ,22, 30 ,23 ,3 ,41 ,11 ,33 ,24 ,0 ,4 ,21 ,39 ,20 ,30 ,26 ,9 ,13 ,42 ,23 ,3 ,36 ,23 ,13 ,14 ,4 ,43 ,41 ,23, 1 ,33]', '[18 ,38 ,36 ,38 ,8 ,18 ,36 ,76 ,73 ,33 ,86 ,81 ,37 ,18 ,30 ,73 ,30 ,17 ,7 ,72 ,86 ,22, 80 ,23 ,3 ,61 ,11 ,33 ,66 ,0 ,6 ,61 ,39 ,60 ,30 ,26 ,9 ,13 ,22 ,23 ,3 ,36 ,43 ,13 ,12 ,2 ,23 ,91 ,23, 1 ,83]', '2021-05-27'),
(4, '[16, 28, 36, 5, 14, 46, 12, 90, 70, 72, 68, 71, 60, 15, 59, 11, 18, 84, 22, 39, 43, 94, 5, 17, 45, 23, 8, 69, 81, 44, 78, 62, 35, 11, 85, 63, 53, 99, 44, 17, 95, 67, 3, 21, 93, 85, 60, 60, 76, 85, 82, 48, 61, 88, 5, 88, 45, 28, 31, 44, 84, 77, 90, 52, 10, 53, 39, 26, 7, 64, 11, 16, 82, 69, 45, 88, 84, 90, 24, 70, 35, 38, 4, 31, 1, 14, 81, 85, 3, 28, 93, 30, 26, 59, 14, 81]', '[27, 8, 46, 23, 3, 27, 44, 10, 16, 47, 7, 11, 21, 50, 38, 28, 40, 43, 4, 49, 18, 4, 34, 17, 8, 43, 34, 20, 40, 36, 31, 36, 27, 28, 46, 39, 15, 3, 21, 33, 19, 11, 21, 27, 47, 41, 27, 10, 47, 38, 6, 23, 33, 21, 48, 3, 26, 11, 22, 50, 31, 49, 14, 36, 22, 44, 2, 48, 20, 35, 27, 24, 44, 34, 37, 41, 27, 11, 18, 4, 44, 24, 27, 49, 49, 41, 19, 32, 3, 32, 42, 4, 22, 10, 7, 19]', '[20, 69, 95, 49, 26, 32, 98, 51, 48, 2, 40, 59, 23, 47, 35, 30, 12, 17, 27, 64, 58, 18, 5, 44, 90, 22, 47, 61, 26, 77, 24, 74, 22, 22, 83, 49, 33, 85, 15, 31, 33, 16, 27, 30, 12, 77, 88, 82, 86, 2, 7, 60, 80, 85, 9, 3, 64, 91, 40, 97, 18, 21, 37, 31, 4, 45, 73, 33, 18, 27, 85, 85, 5, 12, 99, 38, 15, 10, 19, 46, 65, 29, 83, 10, 38, 7, 66, 5, 3, 62, 98, 52, 33, 86, 80, 89]', '2021-05-27'),
(5, '[23, 80, 65, 5, 58, 68, 28, 62, 23, 61, 89, 83, 36, 7, 7, 5, 15, 34, 52, 2, 29, 89, 42, 36, 82, 81, 80, 10, 44, 62, 54, 96, 89, 62, 79, 36, 90, 42, 38, 48, 6, 25, 11, 4, 75, 83, 90, 83, 43, 93, 54, 79, 47, 83, 20, 61, 71, 42, 34, 23, 12, 96, 77, 49, 45, 45, 29, 68, 88, 18, 24, 79, 12, 23, 41, 70, 79, 68, 92, 97, 91, 25, 74, 2, 5, 13, 62, 2, 95, 56, 37, 15, 83, 13, 36, 8]', '23, 33, 35, 48, 25, 38, 32, 6, 16, 35, 17, 23, 26, 39, 37, 34, 46, 9, 12, 4, 33, 43, 3, 11, 26, 37, 47, 46, 29, 16, 5, 30, 32, 36, 35, 47, 37, 30, 2, 7, 7, 3, 5, 15, 47, 29, 17, 20, 39, 2, 21, 48, 33, 40, 18, 8, 14, 43, 30, 20, 42, 27, 32, 32, 19, 18, 11, 23, 18, 6, 11, 11, 43, 22, 30, 21, 50, 50, 20, 46, 19, 30, 45, 8, 20, 6, 42, 17, 29, 38, 11, 35, 37, 28, 46, 49', '[93, 52, 75, 10, 58, 93, 99, 91, 60, 62, 81, 44, 29, 24, 7, 98, 59, 60, 65, 80, 87, 81, 87, 76, 27, 62, 16, 43, 74, 90, 65, 63, 32, 18, 41, 55, 42, 31, 54, 80, 15, 82, 16, 90, 31, 30, 20, 54, 55, 2, 100, 6, 67, 86, 99, 55, 36, 40, 19, 95, 99, 90, 49, 54, 6, 65, 39, 52, 91, 72, 53, 44, 13, 95, 87, 69, 8, 76, 70, 46, 31, 26, 76, 72, 50, 9, 96, 57, 69, 32, 10, 43, 3, 56, 2, 33]', '2021-05-27'),
(6, '[60, 80, 24, 51, 64, 74, 79, 16, 82, 12, 72, 86, 70, 63, 38, 97, 13, 4, 50, 6, 16, 58, 14, 87, 31, 29, 95, 75, 43, 52, 43, 7, 13, 32, 75, 39, 98, 9, 73, 62, 80, 33, 82, 36, 54, 73, 77, 90, 23, 38, 13, 83, 56, 89, 91, 44, 77, 31, 52, 54, 42, 77, 35, 53, 55, 93, 23, 71, 72, 95, 93, 72, 79, 98, 26, 15, 56, 47, 7, 84, 69, 73, 71, 74, 79, 30, 95, 38, 15, 100, 6, 84, 14, 33, 89, 19]', '[26, 44, 4, 37, 38, 24, 34, 29, 45, 41, 10, 21, 1, 11, 13, 7, 44, 44, 20, 2, 10, 27, 48, 45, 44, 12, 20, 24, 38, 12, 21, 27, 48, 49, 37, 43, 26, 4, 24, 5, 4, 15, 34, 45, 37, 4, 32, 27, 15, 25, 14, 49, 26, 34, 19, 34, 5, 18, 11, 27, 28, 3, 22, 27, 12, 34, 41, 4, 3, 17, 49, 25, 47, 15, 3, 20, 6, 44, 48, 22, 12, 5, 20, 22, 48, 5, 38, 4, 31, 49, 24, 39, 34, 30, 26, 16]', '[86, 77, 6, 19, 47, 92, 70, 11, 99, 7, 89, 29, 47, 82, 33, 29, 23, 68, 82, 64, 28, 60, 71, 19, 83, 44, 82, 47, 22, 38, 48, 92, 86, 61, 38, 9, 44, 29, 86, 91, 73, 89, 82, 71, 28, 95, 66, 63, 77, 13, 45, 91, 80, 25, 29, 72, 4, 68, 69, 54, 4, 24, 22, 90, 48, 90, 49, 93, 27, 88, 51, 81, 63, 5, 29, 54, 66, 87, 93, 80, 98, 24, 65, 70, 3, 90, 49, 61, 96, 75, 39, 77, 24, 21, 78, 9]', '2021-05-27'),
(7, '[68, 51, 58, 74, 25, 85, 79, 30, 63, 72, 84, 8, 62, 22, 86, 87, 62, 11, 18, 33, 90, 14, 65, 88, 54, 72, 27, 8, 84, 89, 14, 40, 79, 14, 12, 19, 53, 76, 74, 76, 55, 94, 85, 93, 86, 86, 90, 8, 90, 79, 69, 91, 58, 99, 49, 63, 36, 69, 5, 30, 29, 28, 62, 2, 84, 62, 61, 93, 70, 50, 48, 43, 3, 20, 3, 28, 99, 91, 49, 84, 22, 69, 84, 38, 13, 9, 48, 62, 36, 2, 45, 62, 43, 18, 57, 19]', '[20, 19, 16, 40, 27, 21, 40, 43, 48, 33, 14, 47, 26, 36, 44, 41, 13, 2, 32, 49, 8, 17, 41, 17, 34, 11, 23, 46, 34, 14, 35, 21, 14, 26, 20, 18, 11, 25, 25, 46, 35, 38, 46, 2, 16, 4, 27, 39, 27, 29, 29, 25, 42, 12, 38, 19, 13, 1, 43, 12, 41, 17, 16, 28, 31, 16, 31, 26, 37, 3, 13, 35, 11, 10, 21, 22, 19, 41, 38, 21, 4, 15, 8, 18, 14, 44, 13, 45, 31, 38, 26, 5, 6, 17, 2, 48]', '[40, 63, 29, 13, 11, 88, 16, 20, 5, 32, 5, 44, 58, 31, 4, 90, 90, 61, 33, 26, 3, 8, 43, 14, 70, 40, 43, 98, 27, 57, 91, 67, 11, 48, 10, 10, 67, 28, 90, 16, 56, 30, 89, 56, 85, 58, 56, 53, 2, 66, 9, 18, 94, 96, 58, 44, 93, 22, 63, 42, 61, 50, 45, 56, 42, 21, 17, 19, 92, 91, 38, 17, 58, 42, 97, 97, 53, 66, 45, 68, 47, 37, 73, 63, 92, 43, 25, 91, 78, 4, 78, 3, 76, 57, 3, 50]', '2021-05-27'),
(8, '[87, 41, 71, 92, 18, 94, 95, 61, 86, 69, 56, 80, 68, 26, 71, 52, 57, 69, 59, 29, 69, 5, 45, 66, 52, 99, 77, 15, 43, 96, 75, 73, 19, 69, 75, 47, 17, 49, 84, 4, 44, 76, 91, 22, 57, 31, 22, 29, 9, 42, 78, 90, 86, 14, 27, 34, 61, 71, 11, 73, 66, 79, 53, 60, 46, 44, 73, 43, 80, 40, 74, 66, 93, 86, 10, 67, 48, 45, 41, 21, 63, 96, 79, 47, 85, 81, 98, 10, 38, 70, 63, 30, 94, 7, 65, 71]', '[4, 33, 43, 19, 42, 12, 12, 1, 37, 20, 13, 37, 45, 23, 2, 42, 31, 50, 24, 9, 48, 15, 32, 2, 2, 34, 39, 1, 10, 21, 15, 4, 15, 48, 22, 9, 29, 30, 2, 32, 39, 4, 44, 22, 45, 43, 32, 18, 8, 6, 4, 16, 40, 16, 11, 49, 44, 46, 15, 44, 21, 4, 47, 7, 22, 31, 47, 3, 42, 10, 34, 44, 39, 18, 14, 29, 49, 13, 46, 7, 21, 50, 4, 8, 33, 22, 35, 29, 25, 49, 18, 41, 13, 27, 21, 20]', '[55, 5, 47, 92, 95, 50, 90, 49, 27, 62, 94, 61, 46, 30, 37, 59, 5, 67, 74, 23, 77, 5, 5, 19, 5, 65, 30, 60, 53, 53, 95, 84, 88, 7, 30, 96, 11, 38, 10, 87, 61, 65, 70, 87, 77, 72, 96, 53, 68, 86, 35, 92, 24, 67, 49, 21, 81, 13, 95, 69, 55, 2, 93, 85, 52, 28, 24, 15, 19, 91, 33, 100, 40, 67, 16, 94, 4, 36, 41, 40, 25, 27, 98, 93, 32, 8, 38, 35, 34, 10, 81, 41, 73, 64, 4, 88]', '2021-05-27'),
(9, '[59, 83, 92, 34, 86, 14, 70, 52, 60, 32, 17, 18, 11, 36, 36, 23, 72, 35, 52, 38, 39, 69, 58, 35, 87, 89, 94, 71, 38, 13, 8, 55, 33, 63, 38, 33, 54, 24, 33, 13, 72, 2, 15, 4, 66, 51, 70, 76, 37, 85, 45, 48, 46, 86, 65, 76, 34, 90, 55, 5, 42, 85, 89, 7, 54, 35, 7, 5, 94, 39, 65, 82, 35, 29, 76, 12, 38, 22, 41, 58, 7, 16, 42, 75, 15, 81, 37, 92, 32, 49, 41, 16, 85, 54, 36, 30]', '[1, 50, 15, 41, 36, 42, 12, 24, 28, 8, 28, 40, 40, 44, 41, 31, 43, 6, 37, 10, 22, 27, 31, 2, 31, 24, 1, 9, 36, 24, 27, 14, 40, 1, 50, 4, 32, 23, 15, 39, 37, 21, 40, 34, 50, 39, 7, 41, 39, 40, 46, 10, 33, 31, 24, 8, 45, 11, 28, 5, 26, 20, 44, 33, 34, 41, 4, 30, 2, 28, 46, 35, 44, 25, 21, 33, 5, 33, 8, 1, 21, 45, 35, 38, 26, 40, 35, 38, 32, 24, 47, 32, 21, 35, 20, 31]', '[25, 95, 25, 39, 28, 69, 32, 13, 76, 91, 33, 51, 3, 53, 63, 27, 49, 64, 94, 93, 14, 65, 76, 65, 88, 34, 47, 25, 75, 24, 85, 9, 82, 24, 38, 74, 50, 35, 27, 38, 36, 35, 72, 44, 23, 67, 45, 91, 87, 80, 56, 25, 13, 38, 53, 42, 6, 39, 55, 88, 48, 73, 26, 35, 79, 42, 9, 24, 95, 28, 12, 34, 29, 1, 58, 59, 87, 30, 61, 38, 21, 56, 88, 78, 7, 20, 89, 46, 19, 81, 36, 97, 73, 30, 38, 95]', '2021-05-27'),
(11, '[17, 21, 49, 10, 32, 41, 38, 25, 31, 8, 83, 90, 9, 9, 92, 74, 22, 55, 22, 18, 7, 45, 99, 44, 70, 98, 28, 42, 28, 75, 72, 13, 55, 60, 23, 10, 38, 35, 25, 57, 68, 67, 69, 87, 75, 29, 87, 28, 25, 80, 13, 39, 35, 74, 65, 76, 7, 52, 3, 57, 56, 9, 48, 46, 62, 41, 35, 70, 41, 3, 40, 24, 30, 81, 75, 89, 29, 47, 34, 29, 5, 1, 56, 68, 83, 26, 90, 77, 84, 69, 58, 98, 17, 12, 38, 91]', '[43, 41, 28, 48, 35, 14, 13, 5, 21, 35, 19, 42, 43, 45, 17, 50, 49, 24, 40, 37, 8, 24, 45, 35, 24, 40, 40, 44, 48, 15, 43, 40, 25, 5, 16, 15, 30, 43, 37, 46, 5, 1, 41, 48, 46, 46, 26, 18, 12, 23, 10, 39, 48, 24, 17, 9, 3, 25, 16, 2, 16, 28, 6, 2, 17, 16, 25, 34, 23, 28, 23, 20, 48, 13, 25, 27, 22, 29, 42, 35, 32, 2, 22, 45, 29, 9, 21, 18, 19, 46, 20, 6, 1, 18, 16, 46]', '[2, 4, 82, 10, 83, 61, 76, 30, 46, 58, 77, 32, 28, 62, 10, 92, 17, 54, 63, 87, 98, 25, 89, 90, 27, 48, 89, 46, 8, 48, 27, 53, 72, 68, 72, 54, 15, 77, 72, 5, 18, 45, 50, 20, 48, 22, 45, 78, 50, 76, 89, 56, 27, 51, 6, 80, 37, 29, 40, 55, 17, 67, 61, 27, 11, 39, 63, 82, 4, 26, 3, 12, 70, 41, 51, 89, 95, 59, 14, 72, 99, 82, 76, 82, 34, 66, 68, 45, 86, 15, 6, 20, 5, 4, 36, 1]', '2021-05-27'),
(12, '[67, 29, 78, 75, 96, 93, 37, 78, 52, 89, 92, 54, 15, 37, 48, 35, 25, 35, 74, 11, 32, 62, 6, 59, 16, 79, 36, 27, 66, 97, 25, 33, 72, 49, 49, 8, 42, 57, 36, 73, 41, 74, 29, 66, 54, 26, 80, 3, 17, 50, 21, 16, 73, 31, 97, 36, 96, 76, 63, 24, 57, 98, 26, 12, 96, 57, 27, 62, 42, 1, 22, 64, 29, 43, 73, 3, 17, 42, 66, 69, 21, 67, 93, 33, 1, 56, 40, 97, 49, 23, 80, 69, 48, 13, 40, 65]', '[26, 16, 50, 12, 44, 26, 12, 17, 44, 22, 1, 11, 14, 11, 16, 29, 20, 31, 17, 42, 10, 38, 45, 35, 42, 24, 39, 27, 22, 16, 14, 38, 8, 41, 26, 47, 15, 6, 26, 34, 12, 48, 39, 9, 40, 44, 26, 30, 7, 17, 26, 3, 10, 48, 12, 4, 28, 48, 38, 9, 42, 38, 48, 27, 40, 2, 45, 13, 26, 44, 17, 1, 29, 28, 29, 34, 5, 35, 44, 25, 2, 21, 18, 48, 10, 30, 5, 36, 50, 34, 10, 6, 22, 22, 19, 24]', '[75, 4, 31, 58, 68, 16, 67, 34, 2, 69, 4, 48, 17, 54, 52, 65, 97, 56, 82, 81, 8, 56, 90, 76, 43, 90, 8, 91, 85, 40, 7, 96, 65, 24, 52, 18, 67, 80, 21, 81, 30, 9, 17, 94, 61, 25, 85, 38, 57, 6, 85, 9, 90, 70, 62, 40, 82, 8, 100, 85, 57, 72, 55, 26, 30, 2, 67, 2, 84, 95, 29, 31, 59, 70, 93, 10, 89, 85, 17, 88, 20, 69, 80, 45, 75, 57, 67, 81, 87, 10, 8, 87, 76, 49, 30, 34]', '2021-05-27'),
(13, '[48, 97, 3, 94, 30, 28, 53, 44, 3, 13, 23, 70, 36, 39, 90, 37, 3, 72, 27, 39, 65, 42, 68, 37, 53, 80, 48, 49, 60, 21, 43, 92, 34, 80, 68, 71, 54, 16, 67, 89, 36, 10, 16, 73, 24, 42, 75, 12, 21, 43, 97, 85, 99, 29, 80, 69, 29, 51, 22, 2, 83, 19, 72, 50, 35, 79, 73, 81, 91, 30, 3, 30, 17, 83, 36, 54, 50, 42, 23, 88, 30, 18, 29, 42, 54, 26, 17, 38, 51, 27, 76, 58, 72, 25, 63, 13]', '[40, 4, 9, 45, 4, 41, 8, 26, 48, 4, 41, 8, 49, 33, 4, 16, 23, 6, 30, 14, 4, 4, 6, 18, 10, 49, 9, 24, 13, 19, 30, 21, 21, 6, 10, 29, 15, 48, 46, 14, 13, 2, 49, 30, 11, 27, 3, 18, 41, 15, 35, 37, 6, 3, 39, 32, 31, 26, 32, 43, 8, 36, 38, 49, 19, 39, 30, 29, 49, 6, 43, 33, 27, 12, 25, 43, 18, 20, 48, 28, 8, 40, 7, 17, 19, 35, 16, 41, 32, 41, 24, 17, 14, 25, 36, 6]', '[31, 31, 56, 6, 73, 28, 29, 84, 30, 13, 62, 6, 9, 36, 56, 19, 9, 66, 66, 94, 90, 6, 12, 30, 2, 41, 98, 33, 76, 47, 11, 22, 87, 65, 73, 7, 11, 92, 52, 35, 50, 40, 99, 63, 62, 15, 83, 3, 56, 27, 52, 38, 74, 84, 85, 32, 36, 33, 64, 22, 6, 85, 97, 15, 16, 5, 71, 37, 47, 80, 74, 93, 64, 87, 70, 75, 6, 57, 54, 33, 72, 48, 7, 73, 60, 35, 81, 42, 32, 30, 14, 43, 56, 29, 19, 72]', '2021-05-27'),
(14, '[9, 96, 91, 11, 22, 87, 14, 26, 24, 97, 42, 16, 52, 34, 48, 7, 92, 88, 37, 63, 96, 93, 14, 26, 98, 6, 13, 47, 54, 8, 20, 66, 35, 88, 28, 15, 50, 93, 39, 2, 99, 49, 19, 29, 6, 46, 44, 86, 9, 48, 85, 46, 33, 98, 9, 84, 46, 54, 44, 68, 80, 18, 41, 33, 2, 53, 94, 2, 81, 7, 85, 45, 98, 75, 95, 66, 88, 62, 62, 20, 33, 92, 67, 73, 44, 29, 75, 66, 99, 21, 52, 18, 16, 53, 12, 58]', '[19, 11, 28, 29, 25, 2, 36, 17, 44, 23, 28, 16, 37, 34, 27, 35, 29, 6, 10, 23, 9, 10, 37, 32, 23, 23, 14, 2, 33, 7, 8, 48, 31, 27, 40, 28, 2, 6, 44, 35, 19, 21, 43, 38, 3, 37, 35, 35, 49, 37, 45, 26, 33, 39, 9, 23, 15, 38, 2, 15, 45, 42, 11, 11, 28, 27, 14, 49, 49, 43, 18, 26, 48, 8, 26, 13, 7, 29, 34, 4, 26, 29, 40, 15, 43, 29, 48, 20, 3, 8, 32, 9, 46, 50, 15, 3]', '[6, 50, 11, 3, 60, 100, 47, 51, 69, 48, 54, 34, 30, 46, 33, 76, 52, 71, 77, 52, 78, 13, 39, 38, 38, 6, 16, 49, 47, 30, 72, 83, 41, 13, 99, 28, 35, 53, 62, 48, 58, 75, 56, 94, 14, 23, 81, 57, 35, 82, 19, 47, 50, 93, 42, 97, 56, 99, 4, 24, 23, 41, 24, 80, 52, 90, 67, 51, 97, 67, 90, 83, 3, 65, 7, 100, 55, 63, 35, 18, 55, 66, 2, 97, 11, 72, 50, 89, 39, 95, 81, 59, 15, 33, 90, 91]', '2021-05-27'),
(16, '[7, 70, 68, 87, 77, 98, 89, 2, 9, 95, 71, 80, 64, 31, 79, 54, 99, 88, 29, 25, 35, 75, 66, 51, 94, 57, 27, 77, 50, 41, 83, 10, 57, 37, 22, 3, 79, 25, 85, 51, 9, 21, 18, 92, 4, 45, 59, 97, 23, 63, 85, 58, 7, 62, 98, 40, 23, 35, 47, 3, 48, 45, 92, 61, 95, 84, 70, 67, 29, 13, 41, 86, 78, 54, 31, 3, 89, 45, 76, 85, 51, 6, 61, 23, 25, 68, 69, 75, 77, 38, 59, 96, 89, 51, 68, 51]', '[40, 38, 28, 50, 22, 40, 3, 30, 32, 10, 17, 21, 30, 32, 10, 49, 37, 8, 10, 32, 23, 9, 20, 8, 15, 5, 34, 11, 6, 42, 24, 14, 35, 39, 48, 39, 14, 33, 33, 47, 50, 24, 34, 13, 8, 6, 36, 5, 25, 16, 39, 23, 22, 8, 29, 38, 35, 35, 14, 38, 26, 6, 29, 5, 27, 17, 34, 41, 41, 48, 2, 28, 10, 39, 46, 41, 30, 38, 46, 20, 27, 13, 21, 8, 49, 31, 16, 11, 40, 35, 20, 7, 44, 47, 26, 40]', '[64, 36, 4, 88, 46, 84, 33, 33, 51, 73, 35, 33, 24, 19, 23, 59, 83, 5, 74, 42, 28, 72, 36, 21, 21, 45, 97, 11, 75, 59, 27, 38, 6, 95, 93, 70, 27, 19, 17, 18, 62, 16, 81, 16, 4, 96, 64, 47, 87, 99, 56, 28, 46, 41, 40, 84, 68, 4, 9, 40, 87, 99, 32, 89, 80, 8, 84, 41, 62, 77, 82, 63, 95, 97, 96, 77, 75, 21, 4, 75, 48, 59, 8, 48, 57, 43, 85, 60, 52, 33, 44, 57, 54, 5, 72, 35]', '2021-05-27'),
(17, '[63, 99, 13, 48, 77, 42, 9, 98, 64, 90, 65, 19, 8, 2, 32, 36, 84, 80, 50, 24, 9, 81, 81, 23, 38, 73, 36, 68, 80, 82, 58, 8, 10, 15, 30, 6, 16, 11, 90, 85, 78, 96, 88, 35, 8, 86, 87, 76, 70, 75, 65, 93, 27, 16, 33, 36, 7, 98, 59, 39, 33, 80, 94, 36, 78, 7, 30, 87, 3, 10, 78, 4, 68, 32, 100, 56, 26, 55, 64, 95, 95, 92, 20, 25, 86, 45, 43, 35, 55, 52, 31, 83, 99, 83, 99, 13]', '[33, 34, 47, 10, 34, 14, 23, 5, 21, 50, 30, 29, 49, 22, 8, 46, 50, 38, 35, 26, 38, 2, 28, 39, 36, 7, 15, 46, 39, 22, 6, 23, 3, 28, 15, 13, 46, 47, 29, 25, 15, 22, 26, 25, 33, 2, 1, 47, 13, 37, 39, 19, 14, 48, 7, 17, 15, 16, 9, 23, 39, 10, 17, 43, 44, 41, 16, 34, 26, 40, 17, 12, 44, 4, 5, 2, 47, 10, 45, 29, 45, 30, 27, 33, 18, 39, 40, 2, 11, 30, 18, 37, 14, 14, 24, 14]', '[3, 100, 18, 45, 37, 24, 41, 5, 28, 52, 58, 89, 88, 25, 68, 8, 53, 99, 68, 39, 6, 21, 24, 11, 8, 86, 6, 55, 39, 10, 65, 22, 35, 86, 48, 31, 7, 19, 74, 78, 100, 2, 71, 35, 83, 83, 41, 44, 57, 49, 91, 40, 52, 50, 21, 6, 96, 89, 2, 10, 61, 50, 38, 8, 56, 28, 49, 20, 62, 77, 16, 53, 97, 60, 14, 2, 87, 93, 16, 10, 64, 4, 77, 35, 63, 77, 74, 68, 73, 86, 60, 95, 23, 42, 55, 19]', '2021-05-27'),
(18, '[21, 92, 49, 18, 12, 14, 29, 83, 7, 81, 50, 58, 17, 79, 87, 84, 6, 23, 87, 64, 69, 80, 22, 69, 20, 37, 28, 72, 9, 83, 80, 95, 46, 29, 86, 18, 53, 81, 59, 54, 56, 87, 59, 95, 22, 22, 10, 10, 8, 15, 38, 60, 5, 64, 42, 82, 54, 62, 84, 25, 31, 22, 86, 77, 82, 76, 51, 19, 48, 43, 74, 73, 89, 31, 16, 66, 87, 61, 63, 2, 22, 54, 4, 27, 60, 34, 93, 60, 74, 38, 56, 32, 77, 8, 93, 8]', '[44, 36, 14, 17, 17, 8, 17, 38, 32, 40, 44, 39, 16, 14, 33, 44, 5, 50, 26, 41, 10, 15, 6, 45, 30, 11, 5, 24, 23, 3, 41, 41, 13, 3, 6, 13, 39, 2, 41, 41, 40, 21, 5, 10, 27, 22, 9, 1, 16, 31, 4, 44, 32, 32, 44, 21, 14, 1, 36, 8, 20, 25, 21, 48, 28, 10, 36, 21, 47, 40, 9, 3, 33, 10, 20, 30, 49, 35, 11, 6, 30, 20, 15, 25, 28, 42, 8, 39, 7, 47, 38, 42, 10, 43, 37, 9]', '[34, 82, 31, 47, 75, 92, 15, 20, 7, 93, 22, 48, 44, 38, 64, 15, 89, 99, 61, 58, 27, 45, 83, 1, 97, 67, 74, 42, 58, 59, 69, 53, 59, 86, 4, 5, 85, 90, 20, 19, 86, 37, 39, 77, 32, 35, 86, 98, 91, 48, 22, 82, 39, 17, 68, 23, 37, 29, 9, 48, 43, 50, 60, 54, 76, 52, 63, 43, 34, 16, 81, 49, 56, 42, 80, 36, 80, 24, 78, 4, 8, 25, 11, 68, 3, 53, 22, 3, 4, 66, 99, 89, 66, 85, 71, 22]', '2021-05-27'),
(19, '[60, 43, 98, 95, 64, 70, 66, 62, 81, 3, 33, 90, 96, 71, 6, 14, 82, 82, 18, 14, 65, 63, 75, 76, 71, 10, 5, 39, 49, 43, 21, 16, 27, 83, 34, 42, 67, 90, 45, 57, 31, 60, 9, 81, 49, 85, 45, 6, 20, 70, 29, 62, 94, 38, 64, 64, 65, 55, 82, 61, 43, 65, 44, 26, 55, 6, 80, 55, 12, 74, 36, 82, 81, 17, 2, 48, 5, 3, 91, 62, 10, 57, 21, 60, 45, 13, 21, 19, 95, 76, 47, 29, 19, 74, 97, 33]', '[49, 43, 41, 15, 8, 46, 50, 26, 4, 19, 33, 47, 48, 12, 45, 47, 20, 15, 45, 32, 49, 38, 5, 8, 22, 37, 28, 39, 7, 16, 13, 3, 38, 44, 33, 8, 17, 10, 45, 43, 32, 18, 25, 9, 2, 9, 22, 18, 25, 9, 29, 23, 40, 9, 44, 27, 45, 20, 46, 42, 33, 13, 20, 2, 47, 16, 9, 30, 18, 11, 16, 16, 14, 49, 11, 11, 42, 23, 24, 34, 27, 35, 20, 30, 18, 49, 11, 26, 45, 23, 38, 13, 4, 43, 30, 47]', '[3, 23, 15, 33, 20, 62, 94, 39, 2, 84, 91, 64, 79, 52, 99, 62, 98, 97, 21, 27, 46, 52, 24, 98, 8, 24, 92, 46, 18, 98, 78, 57, 11, 27, 32, 24, 29, 89, 86, 98, 20, 18, 94, 13, 18, 19, 6, 36, 34, 80, 12, 43, 76, 11, 30, 65, 39, 22, 23, 3, 55, 39, 19, 97, 5, 53, 21, 17, 44, 39, 84, 19, 83, 30, 78, 38, 83, 17, 16, 39, 27, 87, 14, 20, 80, 9, 57, 47, 13, 74, 81, 65, 14, 64, 52, 33]', '2021-05-27'),
(20, '[86, 17, 21, 16, 97, 34, 88, 81, 92, 49, 37, 61, 91, 87, 38, 30, 42, 20, 6, 53, 83, 3, 64, 75, 69, 4, 30, 49, 50, 83, 76, 29, 20, 77, 60, 72, 91, 39, 6, 57, 70, 54, 31, 60, 52, 3, 70, 87, 89, 12, 37, 91, 95, 15, 18, 5, 47, 22, 29, 22, 16, 13, 49, 28, 46, 31, 1, 59, 71, 12, 52, 77, 50, 39, 77, 17, 63, 94, 20, 4, 75, 31, 93, 79, 96, 74, 15, 78, 93, 19, 52, 66, 62, 83, 90, 74]', '[35, 47, 16, 14, 4, 38, 1, 13, 23, 26, 44, 39, 10, 8, 29, 45, 41, 22, 29, 50, 30, 6, 8, 12, 45, 25, 44, 38, 31, 28, 28, 37, 12, 25, 37, 46, 35, 15, 14, 28, 28, 34, 26, 25, 40, 11, 28, 14, 11, 35, 15, 5, 44, 30, 22, 44, 6, 36, 8, 23, 34, 29, 6, 20, 48, 5, 13, 44, 14, 39, 49, 44, 39, 25, 39, 10, 43, 5, 26, 38, 5, 24, 37, 31, 48, 22, 25, 34, 28, 31, 46, 43, 24, 8, 20, 42]', '[85, 54, 74, 70, 32, 91, 8, 81, 95, 91, 99, 62, 49, 93, 13, 36, 91, 2, 62, 32, 30, 80, 10, 3, 20, 80, 35, 72, 43, 76, 5, 53, 72, 72, 8, 100, 38, 59, 36, 20, 32, 47, 90, 98, 45, 93, 39, 17, 34, 99, 97, 8, 45, 61, 23, 25, 17, 65, 39, 2, 99, 88, 82, 15, 45, 92, 72, 47, 66, 67, 1, 77, 7, 35, 81, 30, 32, 72, 49, 6, 84, 37, 50, 64, 66, 59, 6, 15, 68, 23, 29, 52, 86, 84, 71, 44]', '2021-05-27'),
(21, '[8, 85, 42, 23, 71, 25, 72, 69, 77, 90, 24, 97, 55, 76, 40, 75, 34, 3, 24, 60, 97, 56, 26, 2, 77, 20, 50, 49, 99, 97, 31, 14, 30, 99, 33, 82, 55, 19, 17, 13, 68, 31, 94, 48, 67, 74, 73, 92, 27, 51, 5, 99, 47, 60, 52, 34, 15, 19, 28, 77, 16, 80, 86, 77, 30, 92, 41, 92, 68, 37, 11, 86, 92, 40, 67, 27, 42, 11, 24, 57, 73, 17, 48, 66, 33, 35, 10, 23, 67, 12, 45, 45, 44, 8, 36, 56]', '[28, 37, 14, 22, 12, 4, 29, 12, 33, 43, 24, 19, 15, 47, 3, 44, 39, 24, 8, 10, 47, 28, 22, 30, 48, 41, 29, 12, 39, 34, 7, 46, 26, 26, 29, 9, 2, 38, 12, 4, 30, 10, 5, 25, 5, 22, 27, 28, 17, 44, 11, 46, 40, 41, 18, 36, 37, 14, 28, 26, 45, 49, 36, 49, 8, 5, 39, 26, 5, 43, 40, 49, 3, 44, 22, 26, 16, 9, 38, 28, 23, 43, 14, 27, 32, 22, 13, 21, 4, 12, 35, 2, 34, 26, 23, 28]', '[73, 41, 52, 46, 96, 90, 72, 93, 90, 36, 38, 79, 68, 92, 16, 65, 40, 61, 14, 70, 34, 59, 40, 5, 53, 47, 23, 85, 99, 36, 35, 47, 73, 9, 89, 32, 24, 33, 77, 8, 81, 87, 32, 99, 47, 81, 16, 60, 88, 65, 38, 7, 33, 82, 68, 85, 10, 47, 38, 24, 15, 38, 75, 90, 76, 61, 78, 71, 65, 5, 31, 81, 78, 45, 88, 16, 24, 38, 14, 88, 13, 69, 4, 10, 26, 83, 38, 51, 80, 41, 79, 80, 96, 33, 51, 53]', '2021-05-27'),
(22, '[7, 23, 65, 34, 97, 30, 65, 36, 77, 81, 83, 50, 10, 76, 25, 32, 43, 22, 79, 5, 45, 52, 93, 60, 32, 83, 17, 66, 70, 89, 86, 40, 77, 74, 44, 69, 35, 59, 3, 59, 33, 14, 20, 37, 43, 95, 55, 38, 61, 34, 83, 76, 44, 37, 96, 42, 98, 56, 78, 32, 9, 21, 13, 7, 98, 38, 20, 99, 83, 59, 17, 82, 57, 51, 27, 32, 84, 3, 30, 87, 72, 23, 44, 25, 97, 47, 62, 3, 67, 85, 25, 41, 49, 34, 22, 6]', '[26, 49, 20, 3, 45, 30, 47, 44, 13, 6, 42, 30, 44, 31, 36, 30, 33, 41, 15, 47, 24, 24, 31, 5, 10, 30, 33, 10, 33, 24, 32, 49, 14, 6, 11, 9, 3, 21, 35, 20, 47, 29, 21, 27, 39, 1, 7, 32, 23, 36, 32, 7, 4, 35, 14, 17, 21, 49, 2, 40, 18, 47, 16, 11, 32, 2, 38, 9, 8, 23, 47, 3, 28, 39, 16, 11, 24, 22, 28, 37, 41, 25, 8, 21, 26, 14, 39, 5, 26, 13, 15, 31, 8, 8, 42, 8]', '[41, 29, 55, 80, 25, 73, 78, 89, 77, 68, 78, 42, 92, 30, 26, 73, 91, 23, 5, 71, 34, 74, 14, 30, 48, 28, 86, 52, 99, 11, 30, 7, 6, 97, 82, 26, 1, 70, 35, 2, 21, 85, 40, 61, 28, 91, 91, 10, 93, 21, 74, 46, 27, 31, 71, 12, 42, 38, 13, 45, 16, 56, 4, 74, 100, 74, 73, 20, 21, 49, 2, 37, 96, 58, 96, 48, 34, 7, 72, 35, 3, 5, 29, 51, 77, 65, 8, 31, 47, 94, 24, 54, 25, 30, 16, 30]', '2021-05-27'),
(23, '[91, 67, 4, 49, 27, 36, 42, 95, 87, 95, 27, 82, 21, 85, 84, 35, 53, 86, 64, 23, 64, 87, 28, 74, 98, 22, 71, 54, 33, 72, 9, 34, 35, 92, 56, 52, 88, 60, 49, 12, 1, 24, 95, 21, 84, 71, 78, 91, 82, 24, 45, 89, 72, 56, 20, 54, 88, 65, 13, 3, 37, 48, 22, 18, 56, 43, 58, 54, 92, 22, 90, 7, 72, 56, 11, 95, 2, 18, 74, 76, 52, 16, 10, 12, 92, 36, 65, 11, 94, 71, 77, 70, 84, 95, 84, 16]', '[27, 48, 28, 44, 25, 19, 49, 2, 49, 37, 42, 17, 13, 34, 4, 6, 4, 27, 18, 23, 39, 35, 42, 11, 5, 32, 23, 42, 35, 36, 11, 5, 23, 10, 34, 31, 47, 14, 7, 37, 47, 10, 23, 19, 23, 10, 29, 18, 47, 39, 15, 27, 35, 22, 15, 45, 9, 15, 49, 5, 9, 36, 38, 24, 31, 14, 16, 40, 48, 3, 19, 22, 39, 40, 22, 3, 46, 20, 22, 8, 14, 9, 9, 47, 3, 31, 18, 5, 12, 28, 39, 8, 24, 3, 11, 29]', '[36, 17, 18, 13, 40, 71, 95, 51, 37, 40, 98, 56, 24, 15, 59, 2, 21, 54, 5, 89, 17, 71, 71, 62, 31, 99, 31, 19, 1, 26, 36, 4, 10, 90, 34, 6, 66, 63, 43, 91, 79, 15, 61, 61, 79, 66, 63, 68, 89, 21, 27, 98, 86, 66, 99, 33, 31, 24, 25, 92, 97, 33, 88, 53, 40, 68, 62, 5, 69, 82, 5, 7, 34, 13, 39, 22, 29, 32, 21, 64, 80, 13, 80, 61, 24, 8, 54, 80, 46, 99, 75, 83, 44, 86, 66, 28]', '2021-05-27'),
(24, '[65, 8, 15, 67, 93, 100, 45, 90, 24, 97, 23, 67, 20, 93, 36, 76, 40, 27, 16, 11, 36, 100, 68, 88, 39, 54, 42, 84, 6, 62, 36, 46, 29, 43, 44, 74, 67, 84, 24, 83, 27, 26, 34, 25, 50, 31, 85, 94, 69, 61, 73, 53, 90, 67, 14, 88, 52, 4, 89, 32, 76, 9, 90, 28, 2, 87, 9, 57, 79, 96, 86, 9, 34, 11, 10, 28, 52, 18, 92, 41, 66, 33, 82, 62, 4, 2, 93, 29, 18, 20, 53, 62, 76, 7, 64, 73]', '[9, 3, 32, 41, 17, 18, 11, 45, 23, 18, 44, 34, 17, 40, 28, 21, 2, 29, 18, 10, 6, 6, 18, 5, 36, 19, 44, 48, 36, 41, 15, 2, 12, 37, 39, 15, 40, 43, 6, 14, 2, 12, 21, 48, 40, 34, 47, 26, 16, 36, 38, 47, 22, 49, 43, 37, 32, 45, 3, 13, 32, 38, 32, 17, 8, 42, 2, 35, 13, 21, 23, 18, 35, 13, 48, 16, 32, 13, 10, 4, 13, 26, 46, 18, 33, 32, 8, 38, 2, 41, 50, 39, 35, 11, 38, 35]', '[58, 8, 20, 91, 33, 43, 20, 89, 31, 70, 56, 49, 80, 41, 7, 90, 67, 88, 60, 46, 18, 77, 52, 98, 88, 95, 68, 50, 69, 96, 48, 47, 97, 30, 10, 63, 5, 52, 34, 76, 12, 94, 37, 83, 43, 73, 24, 32, 80, 45, 61, 86, 50, 85, 19, 42, 22, 43, 17, 79, 48, 43, 26, 16, 27, 54, 78, 95, 81, 50, 49, 65, 70, 72, 19, 98, 2, 16, 28, 66, 78, 27, 44, 68, 18, 40, 18, 45, 95, 34, 67, 37, 10, 67, 6, 82]', '2021-05-27'),
(25, '[64, 69, 88, 99, 96, 41, 51, 18, 15, 96, 37, 81, 89, 53, 52, 55, 16, 3, 46, 50, 19, 1, 96, 61, 60, 45, 17, 36, 53, 79, 10, 99, 81, 15, 42, 46, 68, 28, 99, 39, 12, 46, 71, 4, 94, 81, 16, 92, 89, 95, 43, 52, 13, 88, 67, 92, 45, 37, 15, 50, 57, 9, 19, 31, 99, 63, 56, 40, 30, 75, 55, 1, 56, 54, 69, 5, 94, 62, 96, 24, 50, 71, 4, 76, 90, 55, 17, 63, 32, 25, 88, 47, 14, 96, 24, 69]', '[30, 10, 36, 21, 3, 20, 14, 41, 7, 27, 30, 12, 12, 49, 40, 46, 36, 19, 48, 18, 28, 3, 41, 13, 20, 22, 41, 7, 5, 23, 45, 16, 31, 49, 7, 20, 30, 27, 45, 35, 41, 3, 39, 47, 40, 23, 23, 47, 19, 20, 40, 44, 38, 16, 38, 45, 25, 48, 33, 17, 6, 49, 10, 11, 34, 22, 3, 23, 35, 26, 33, 44, 3, 44, 3, 13, 45, 3, 22, 43, 2, 28, 17, 10, 35, 22, 22, 36, 32, 47, 31, 5, 36, 47, 32, 41]', '[59, 38, 82, 1, 2, 47, 96, 91, 86, 80, 5, 90, 16, 67, 40, 45, 73, 20, 14, 92, 34, 9, 79, 47, 60, 50, 72, 28, 80, 93, 95, 21, 18, 64, 90, 59, 40, 24, 36, 39, 100, 72, 23, 43, 37, 6, 3, 89, 19, 43, 6, 62, 22, 20, 58, 74, 96, 31, 40, 77, 77, 63, 9, 25, 56, 78, 48, 16, 11, 24, 54, 55, 24, 4, 61, 44, 20, 63, 98, 79, 80, 4, 83, 17, 97, 54, 87, 73, 10, 93, 38, 56, 2, 70, 31, 80]', '2021-05-27'),
(26, '[67, 17, 87, 25, 81, 75, 66, 33, 24, 12, 96, 27, 92, 36, 54, 20, 2, 77, 48, 19, 74, 56, 49, 90, 26, 16, 8, 62, 90, 42, 17, 42, 23, 91, 36, 24, 14, 50, 17, 85, 42, 90, 74, 90, 33, 5, 27, 79, 96, 86, 18, 28, 31, 90, 72, 51, 3, 96, 15, 97, 39, 77, 11, 5, 42, 40, 92, 99, 23, 66, 65, 69, 1, 31, 70, 42, 25, 23, 91, 25, 35, 89, 94, 78, 51, 35, 68, 64, 47, 10, 93, 7, 15, 89, 18, 51]', '[10, 4, 29, 41, 38, 31, 21, 47, 32, 21, 8, 34, 6, 30, 6, 26, 4, 46, 26, 40, 35, 39, 21, 30, 23, 29, 47, 29, 25, 42, 43, 7, 26, 27, 9, 38, 3, 7, 39, 42, 25, 4, 45, 30, 45, 39, 49, 28, 8, 34, 33, 2, 18, 48, 12, 18, 46, 41, 38, 28, 36, 22, 10, 29, 19, 46, 18, 49, 19, 10, 45, 23, 47, 40, 25, 33, 37, 46, 27, 40, 32, 14, 37, 48, 44, 14, 1, 13, 36, 11, 12, 9, 15, 36, 45, 12]', '[60, 85, 55, 85, 60, 11, 30, 34, 73, 16, 49, 97, 20, 38, 72, 88, 54, 71, 26, 68, 6, 1, 65, 9, 74, 88, 59, 20, 46, 15, 46, 2, 12, 91, 79, 4, 29, 43, 85, 11, 98, 31, 51, 23, 53, 92, 41, 68, 15, 10, 24, 1, 67, 8, 35, 68, 89, 2, 4, 96, 48, 84, 63, 87, 81, 28, 73, 31, 58, 89, 20, 24, 53, 82, 52, 17, 34, 15, 39, 86, 4, 86, 4, 82, 27, 40, 95, 52, 86, 28, 35, 39, 82, 95, 37, 79]', '2021-05-27'),
(27, '[44, 40, 11, 3, 56, 7, 97, 39, 15, 39, 51, 94, 36, 31, 19, 8, 82, 72, 92, 61, 69, 85, 5, 17, 85, 15, 23, 74, 41, 19, 81, 77, 73, 29, 49, 65, 53, 20, 96, 53, 31, 32, 55, 92, 36, 28, 70, 3, 80, 19, 59, 50, 58, 9, 97, 82, 6, 64, 2, 5, 5, 89, 45, 72, 4, 27, 23, 9, 4, 14, 30, 79, 8, 35, 8, 86, 56, 65, 5, 58, 19, 52, 81, 39, 28, 98, 74, 90, 47, 85, 61, 6, 2, 71, 96, 92]', '[46, 17, 29, 10, 41, 34, 21, 15, 42, 16, 38, 46, 42, 41, 31, 13, 11, 49, 4, 26, 2, 26, 40, 50, 19, 49, 18, 5, 2, 49, 29, 24, 29, 24, 8, 29, 4, 36, 5, 20, 19, 29, 11, 3, 20, 5, 38, 24, 31, 23, 9, 1, 47, 26, 47, 36, 7, 2, 42, 31, 8, 15, 14, 5, 18, 14, 28, 5, 31, 9, 10, 49, 3, 20, 5, 39, 12, 13, 10, 38, 3, 28, 3, 3, 7, 9, 22, 45, 5, 2, 5, 17, 1, 38, 12, 47]', '[9, 98, 34, 12, 27, 11, 72, 4, 16, 48, 51, 33, 35, 20, 43, 58, 64, 85, 35, 53, 4, 40, 74, 12, 9, 15, 9, 60, 23, 95, 5, 36, 37, 24, 19, 69, 68, 43, 74, 78, 47, 96, 6, 96, 78, 3, 44, 99, 63, 26, 93, 17, 85, 47, 92, 2, 90, 80, 41, 3, 49, 34, 84, 86, 77, 32, 61, 20, 52, 82, 21, 92, 22, 15, 62, 65, 78, 95, 31, 55, 40, 81, 11, 38, 19, 39, 49, 7, 94, 47, 41, 3, 88, 84, 6, 81]', '2021-05-27'),
(28, '[30, 27, 85, 8, 23, 39, 93, 17, 27, 36, 38, 40, 76, 83, 42, 48, 84, 23, 86, 78, 38, 93, 52, 23, 82, 9, 97, 14, 4, 89, 45, 92, 22, 36, 38, 83, 47, 51, 19, 80, 51, 67, 91, 15, 50, 20, 98, 42, 6, 75, 6, 14, 80, 89, 2, 85, 53, 52, 58, 9, 73, 32, 8, 98, 69, 77, 55, 72, 10, 3, 19, 53, 52, 60, 6, 9, 17, 57, 22, 8, 41, 88, 32, 95, 50, 15, 76, 65, 14, 18, 97, 21, 83, 88, 62, 90]', '[6, 4, 31, 1, 40, 41, 5, 47, 38, 25, 37, 26, 25, 49, 35, 21, 49, 35, 7, 48, 6, 42, 24, 10, 30, 19, 16, 25, 49, 13, 41, 2, 46, 35, 48, 25, 46, 17, 50, 32, 48, 39, 48, 48, 13, 6, 25, 37, 12, 17, 24, 11, 38, 38, 27, 4, 4, 30, 39, 19, 32, 47, 19, 17, 18, 6, 18, 35, 15, 49, 26, 34, 5, 24, 42, 15, 10, 35, 19, 32, 14, 41, 16, 10, 11, 27, 24, 15, 46, 20, 30, 31, 25, 38, 33, 47]', '[5, 55, 75, 40, 46, 45, 99, 59, 83, 33, 93, 62, 37, 6, 35, 8, 88, 55, 74, 58, 95, 92, 38, 82, 34, 2, 22, 51, 97, 57, 65, 69, 8, 41, 97, 97, 68, 23, 12, 10, 97, 72, 4, 43, 36, 29, 98, 75, 6, 40, 3, 51, 20, 96, 21, 66, 17, 92, 15, 71, 14, 63, 69, 36, 53, 27, 10, 32, 52, 67, 40, 94, 8, 55, 45, 88, 68, 58, 91, 11, 25, 58, 55, 70, 9, 61, 2, 99, 57, 64, 42, 27, 55, 67, 46, 16]', '2021-05-27');

-- --------------------------------------------------------

--
-- Estructura de tabla para la tabla `user`
--

CREATE TABLE `user` (
  `id` int(11) NOT NULL,
  `username` varchar(50) CHARACTER SET latin1 COLLATE latin1_general_ci NOT NULL,
  `password` varchar(255) CHARACTER SET latin1 NOT NULL,
  `email` varchar(50) CHARACTER SET latin1 NOT NULL,
  `role` enum('USER','ADMIN') CHARACTER SET latin1 NOT NULL DEFAULT 'USER',
  `type` enum('USER','COMPANY') NOT NULL DEFAULT 'USER',
  `lastLogin` timestamp NULL DEFAULT current_timestamp()
) ENGINE=InnoDB DEFAULT CHARSET=utf8;

--
-- Volcado de datos para la tabla `user`
--

INSERT INTO `user` (`id`, `username`, `password`, `email`, `role`, `type`, `lastLogin`) VALUES
(1, 'user', '$2y$10$fk21ElxONqJlR8OigppUMuhRSDAdybBIgESiV.P2RqdgzjRXkbYmK', 'krystian8844@gmail.com', 'USER', 'USER', '2021-05-03 07:35:24'),
(2, 'admin', '$2y$10$jJzjh6E1f1LDsqzH6dzzyOX5yBDOjQdk3axSoBdsDoQxkS9oUmpDy', 'admin@admin.es', 'ADMIN', 'USER', '2021-05-03 07:37:41'),
(3, 'AdriTur', '$2y$10$ee5XpAo.tPeAe1jBKL1EwuxSQkmkkzwLU44fwoUkC7eO33udoUUOC', 'adri@tur.es', 'USER', 'USER', '2021-05-13 16:07:44');

-- --------------------------------------------------------

--
-- Estructura de tabla para la tabla `user_info`
--

CREATE TABLE `user_info` (
  `userID` int(11) NOT NULL,
  `dni` varchar(9) CHARACTER SET latin1 NOT NULL,
  `name` varchar(30) CHARACTER SET utf8 COLLATE utf8_spanish_ci NOT NULL,
  `surname` varchar(100) CHARACTER SET utf8 COLLATE utf8_spanish_ci NOT NULL,
  `address` varchar(255) CHARACTER SET utf8 COLLATE utf8_spanish_ci NOT NULL,
  `phone` varchar(15) CHARACTER SET latin1 NOT NULL,
  `registerDate` timestamp NOT NULL DEFAULT current_timestamp()
) ENGINE=InnoDB DEFAULT CHARSET=utf8;

-- --------------------------------------------------------

--
-- Estructura de tabla para la tabla `user_recovery`
--

CREATE TABLE `user_recovery` (
  `userID` int(11) NOT NULL,
  `token` varchar(128) NOT NULL,
  `expiration_time` timestamp NULL DEFAULT NULL
) ENGINE=InnoDB DEFAULT CHARSET=utf8;

--
-- Volcado de datos para la tabla `user_recovery`
--

INSERT INTO `user_recovery` (`userID`, `token`, `expiration_time`) VALUES
(1, 'f7a806e6c1e9a712c17e11a88b9df7ecaa37dcff135cf92ff8f9dd626292a4ea9b8513c1a0403624442540cdeefd70a8af43db9ae7dc99d6a97bd75017734fec', '2021-05-24 07:42:45');

--
-- Índices para tablas volcadas
--

--
-- Indices de la tabla `field`
--
ALTER TABLE `field`
  ADD PRIMARY KEY (`id`),
  ADD KEY `FK_USERFIELD` (`owner`);

--
-- Indices de la tabla `inquiries`
--
ALTER TABLE `inquiries`
  ADD PRIMARY KEY (`id`);

--
-- Indices de la tabla `plot`
--
ALTER TABLE `plot`
  ADD PRIMARY KEY (`id`),
  ADD KEY `FK_FIELDPLOT` (`fieldID`);

--
-- Indices de la tabla `probe`
--
ALTER TABLE `probe`
  ADD PRIMARY KEY (`id`),
  ADD KEY `FK_PLOTPROBE` (`plotID`);

--
-- Indices de la tabla `probe_history`
--
ALTER TABLE `probe_history`
  ADD PRIMARY KEY (`probeID`);

--
-- Indices de la tabla `user`
--
ALTER TABLE `user`
  ADD PRIMARY KEY (`id`),
  ADD UNIQUE KEY `username` (`username`);

--
-- Indices de la tabla `user_info`
--
ALTER TABLE `user_info`
  ADD PRIMARY KEY (`userID`);

--
-- Indices de la tabla `user_recovery`
--
ALTER TABLE `user_recovery`
  ADD PRIMARY KEY (`userID`);

--
-- AUTO_INCREMENT de las tablas volcadas
--

--
-- AUTO_INCREMENT de la tabla `field`
--
ALTER TABLE `field`
  MODIFY `id` int(11) NOT NULL AUTO_INCREMENT, AUTO_INCREMENT=3;

--
-- AUTO_INCREMENT de la tabla `inquiries`
--
ALTER TABLE `inquiries`
  MODIFY `id` int(11) NOT NULL AUTO_INCREMENT, AUTO_INCREMENT=5;

--
-- AUTO_INCREMENT de la tabla `plot`
--
ALTER TABLE `plot`
  MODIFY `id` int(11) NOT NULL AUTO_INCREMENT, AUTO_INCREMENT=11;

--
-- AUTO_INCREMENT de la tabla `probe`
--
ALTER TABLE `probe`
  MODIFY `id` int(11) NOT NULL AUTO_INCREMENT, AUTO_INCREMENT=29;

--
-- AUTO_INCREMENT de la tabla `user`
--
ALTER TABLE `user`
  MODIFY `id` int(11) NOT NULL AUTO_INCREMENT, AUTO_INCREMENT=4;

--
-- Restricciones para tablas volcadas
--

--
-- Filtros para la tabla `field`
--
ALTER TABLE `field`
  ADD CONSTRAINT `FK_USERFIELD` FOREIGN KEY (`owner`) REFERENCES `user` (`username`) ON DELETE NO ACTION ON UPDATE NO ACTION;

--
-- Filtros para la tabla `plot`
--
ALTER TABLE `plot`
  ADD CONSTRAINT `FK_FIELDPLOT` FOREIGN KEY (`fieldID`) REFERENCES `field` (`id`) ON DELETE NO ACTION ON UPDATE NO ACTION;

--
-- Filtros para la tabla `probe`
--
ALTER TABLE `probe`
  ADD CONSTRAINT `FK_PLOTPROBE` FOREIGN KEY (`plotID`) REFERENCES `plot` (`id`) ON DELETE NO ACTION ON UPDATE NO ACTION;

--
-- Filtros para la tabla `probe_history`
--
ALTER TABLE `probe_history`
  ADD CONSTRAINT `FK_HPROBE` FOREIGN KEY (`probeID`) REFERENCES `probe` (`id`) ON DELETE NO ACTION ON UPDATE NO ACTION;

--
-- Filtros para la tabla `user_info`
--
ALTER TABLE `user_info`
  ADD CONSTRAINT `FK_USERDATA` FOREIGN KEY (`userID`) REFERENCES `user` (`id`) ON DELETE NO ACTION ON UPDATE NO ACTION;

--
-- Filtros para la tabla `user_recovery`
--
ALTER TABLE `user_recovery`
  ADD CONSTRAINT `FK_USERRECOVERY` FOREIGN KEY (`userID`) REFERENCES `user` (`id`) ON DELETE NO ACTION ON UPDATE NO ACTION;
COMMIT;

/*!40101 SET CHARACTER_SET_CLIENT=@OLD_CHARACTER_SET_CLIENT */;
/*!40101 SET CHARACTER_SET_RESULTS=@OLD_CHARACTER_SET_RESULTS */;
/*!40101 SET COLLATION_CONNECTION=@OLD_COLLATION_CONNECTION */;
